ds,trend,yhat_lower,yhat_upper,trend_lower,trend_upper,additive_terms,additive_terms_lower,additive_terms_upper,weekly,weekly_lower,weekly_upper,yearly,yearly_lower,yearly_upper,multiplicative_terms,multiplicative_terms_lower,multiplicative_terms_upper,yhat
2012-02-05,-78.03017316,-291.25782455365515,-161.14256430074414,-78.03017316,-78.03017316,-148.28681259572912,-148.28681259572912,-148.28681259572912,-223.96201496897,-223.96201496897,-223.96201496897,75.67520237324091,75.67520237324091,75.67520237324091,0.0,0.0,0.0,-226.31698575572912
2012-03-12,-82.12773645080256,-55.95906908063233,69.56670127999858,-82.12773645080256,-82.12773645080256,88.43094110691682,88.43094110691682,88.43094110691682,107.96022334929951,107.96022334929951,107.96022334929951,-19.52928224238269,-19.52928224238269,-19.52928224238269,0.0,0.0,0.0,6.303204656114261
2012-07-17,-96.58302917113376,-140.98166564136756,-6.921292509479221,-96.58302917113376,-96.58302917113376,21.723816535825268,21.723816535825268,21.723816535825268,105.19584429237611,105.19584429237611,105.19584429237611,-83.47202775655084,-83.47202775655084,-83.47202775655084,0.0,0.0,0.0,-74.8592126353085
2012-08-10,-99.3147380316688,-213.30398719549078,-78.40081261374596,-99.3147380316688,-99.3147380316688,-44.027466521502284,-44.027466521502284,-44.027466521502284,64.1356391330819,64.1356391330819,64.1356391330819,-108.16310565458419,-108.16310565458419,-108.16310565458419,0.0,0.0,0.0,-143.3422045531711
2012-08-15,-99.88384404428025,-183.737261479251,-49.11634317345879,-99.88384404428025,-99.88384404428025,-11.55407990793436,-11.55407990793436,-11.55407990793436,82.90704445189428,82.90704445189428,82.90704445189428,-94.46112435982864,-94.46112435982864,-94.46112435982864,0.0,0.0,0.0,-111.43792395221462
2012-08-22,-100.68059246193631,-173.8633463087778,-36.945897006321374,-100.68059246193631,-100.68059246193631,-5.607606183543216,-5.607606183543216,-5.607606183543216,82.90704445187353,82.90704445187353,82.90704445187353,-88.51465063541676,-88.51465063541676,-88.51465063541676,0.0,0.0,0.0,-106.28819864547953
2012-09-03,-102.04644689220383,-202.68763240500627,-71.68474308089529,-102.04644689220383,-102.04644689220383,-34.6332703299834,-34.6332703299834,-34.6332703299834,107.96022334991193,107.96022334991193,107.96022334991193,-142.59349367989535,-142.59349367989535,-142.59349367989535,0.0,0.0,0.0,-136.67971722218724
2012-09-21,-104.0952285376051,-173.97351445154092,-37.630291617609366,-104.0952285376051,-104.0952285376051,-0.5409497250620667,-0.5409497250620667,-0.5409497250620667,64.13563913338439,64.13563913338439,64.13563913338439,-64.67658885844645,-64.67658885844645,-64.67658885844645,0.0,0.0,0.0,-104.63617826266716
2012-10-01,-105.23344056282802,28.207389327504778,163.1954889272649,-105.23344056282802,-105.23344056282802,201.4154097848954,201.4154097848954,201.4154097848954,107.96022334917163,107.96022334917163,107.96022334917163,93.45518643572376,93.45518643572376,93.45518643572376,0.0,0.0,0.0,96.18196922206737
2012-10-02,-105.34726176535034,41.475702912004515,171.40237592356246,-105.34726176535034,-105.34726176535034,211.37876495263188,211.37876495263188,211.37876495263188,105.19584429259295,105.19584429259295,105.19584429259295,106.18292066003893,106.18292066003893,106.18292066003893,0.0,0.0,0.0,106.03150318728154
2012-10-15,-106.82693739814013,97.14834176789513,225.48877178243606,-106.82693739814013,-106.82693739814013,265.5272910238691,265.5272910238691,265.5272910238691,107.96022334958245,107.96022334958245,107.96022334958245,157.56706767428668,157.56706767428668,157.56706767428668,0.0,0.0,0.0,158.70035362572898
2012-10-18,-107.03621461076943,62.67984290070765,193.9027279061072,-107.03621461076943,-107.03621461076943,236.65856539830446,236.65856539830446,236.65856539830446,89.54550811788472,89.54550811788472,89.54550811788472,147.11305728041975,147.11305728041975,147.11305728041975,0.0,0.0,0.0,129.62235078753503
2012-10-23,-107.3850099651516,63.24404160090344,190.5377318567186,-107.3850099651516,-107.3850099651516,233.78533214959796,233.78533214959796,233.78533214959796,105.19584429259369,105.19584429259369,105.19584429259369,128.5894878570043,128.5894878570043,128.5894878570043,0.0,0.0,0.0,126.40032218444637
2012-11-21,-109.40802302056817,52.31274474723409,184.94823493021434,-109.40802302056817,-109.40802302056817,228.15889257860903,228.15889257860903,228.15889257860903,82.9070444518823,82.9070444518823,82.9070444518823,145.25184812672674,145.25184812672674,145.25184812672674,0.0,0.0,0.0,118.75086955804086
2012-12-05,-110.38465001283822,-2.0476869296156055,132.8782068968507,-110.38465001283822,-110.38465001283822,173.904055984974,173.904055984974,173.904055984974,82.90704445186442,82.90704445186442,82.90704445186442,90.99701153310959,90.99701153310959,90.99701153310959,0.0,0.0,0.0,63.519405972135786
2012-12-07,-110.5241681545911,-28.435241917168852,101.71120965645872,-110.5241681545911,-110.5241681545911,147.83046078440967,147.83046078440967,147.83046078440967,64.1356391330296,64.1356391330296,64.1356391330296,83.69482165138005,83.69482165138005,83.69482165138005,0.0,0.0,0.0,37.30629262981857
2012-12-10,-110.73344536722038,6.120844987433258,140.0297267184191,-110.73344536722038,-110.73344536722038,181.43441289735864,181.43441289735864,181.43441289735864,107.9602233499801,107.9602233499801,107.9602233499801,73.47418954737856,73.47418954737856,73.47418954737856,0.0,0.0,0.0,70.70096753013826
2012-12-24,-111.71007235949045,-41.43650700190568,90.06936123029041,-111.71007235949045,-111.71007235949045,139.2458050754419,139.2458050754419,139.2458050754419,107.96022334976804,107.96022334976804,107.96022334976804,31.285581725673865,31.285581725673865,31.285581725673865,0.0,0.0,0.0,27.53573271595144
2013-01-15,-113.24477191877197,-7.624138611902116,127.93553182124498,-113.24477191877197,-113.24477191877197,171.0956872604546,171.0956872604546,171.0956872604546,105.19584429248575,105.19584429248575,105.19584429248575,65.89984296796887,65.89984296796887,65.89984296796887,0.0,0.0,0.0,57.85091534168264
2013-01-22,-113.73308541490701,16.48731261220707,147.0634341843036,-113.73308541490701,-113.73308541490701,196.2206100964069,196.2206100964069,196.2206100964069,105.19584429246015,105.19584429246015,105.19584429246015,91.02476580394672,91.02476580394672,91.02476580394672,0.0,0.0,0.0,82.48752468149988
2013-01-23,-113.80284448578345,-2.10598676271388,130.3537681640424,-113.80284448578345,-113.80284448578345,175.8686711737326,175.8686711737326,175.8686711737326,82.90704445192678,82.90704445192678,82.90704445192678,92.96162672180583,92.96162672180583,92.96162672180583,0.0,0.0,0.0,62.06582668794914
2013-01-30,-114.29115798191852,-3.4177608738476972,125.25923240233271,-114.29115798191852,-114.29115798191852,174.2813542741903,174.2813542741903,174.2813542741903,82.90704445190606,82.90704445190606,82.90704445190606,91.37430982228427,91.37430982228427,91.37430982228427,0.0,0.0,0.0,59.99019629227179
2013-01-31,-113.96246782673124,3.232758232540359,134.1811255812449,-113.96246782673124,-113.96246782673124,178.67327147539805,178.67327147539805,178.67327147539805,89.54550811801462,89.54550811801462,89.54550811801462,89.12776335738344,89.12776335738344,89.12776335738344,0.0,0.0,0.0,64.71080364866681
2013-02-04,-112.6477072059822,10.757726386578339,138.60091514771028,-112.6477072059822,-112.6477072059822,184.55709655903848,184.55709655903848,184.55709655903848,107.96022334943854,107.96022334943854,107.96022334943854,76.59687320959993,76.59687320959993,76.59687320959993,0.0,0.0,0.0,71.90938935305628
2013-02-06,-111.99032689560768,-23.915118320577292,108.41783079977222,-111.99032689560768,-111.99032689560768,151.87190062542393,151.87190062542393,151.87190062542393,82.90704445188533,82.90704445188533,82.90704445188533,68.96485617353859,68.96485617353859,68.96485617353859,0.0,0.0,0.0,39.88157372981625
2013-02-08,-111.33294658523316,-50.86897607442994,74.89238215928026,-111.33294658523316,-111.33294658523316,125.15154981366216,125.15154981366216,125.15154981366216,64.13563913336012,64.13563913336012,64.13563913336012,61.015910680302035,61.015910680302035,61.015910680302035,0.0,0.0,0.0,13.818603228428998
2013-02-18,-108.04604503336056,-41.119830187582465,92.44824054332202,-108.04604503336056,-108.04604503336056,135.46896161390072,135.46896161390072,135.46896161390072,107.96022334984941,107.96022334984941,107.96022334984941,27.50873826405131,27.50873826405131,27.50873826405131,0.0,0.0,0.0,27.42291658054016
2013-02-19,-107.71735487817328,-38.901064938526766,88.29886905055702,-107.71735487817328,-107.71735487817328,130.31553946703562,130.31553946703562,130.31553946703562,105.19584429256822,105.19584429256822,105.19584429256822,25.119695174467395,25.119695174467395,25.119695174467395,0.0,0.0,0.0,22.59818458886234
2013-02-20,-107.38866472298604,-69.14791131661921,66.65034166069408,-107.38866472298604,-107.38866472298604,105.7906611160054,105.7906611160054,105.7906611160054,82.90704445186748,82.90704445186748,82.90704445186748,22.883616664137914,22.883616664137914,22.883616664137914,0.0,0.0,0.0,-1.5980036069806403
2013-02-25,-105.74521394704972,-50.10285339355715,82.81059974341525,-105.74521394704972,-105.74521394704972,121.14229253083664,121.14229253083664,121.14229253083664,107.96022334943193,107.96022334943193,107.96022334943193,13.182069181404724,13.182069181404724,13.182069181404724,0.0,0.0,0.0,15.397078583786922
2013-02-26,-105.41652379186246,-52.17338234449421,78.66060052168967,-105.41652379186246,-105.41652379186246,116.5562549366297,116.5562549366297,116.5562549366297,105.19584429248724,105.19584429248724,105.19584429248724,11.360410644142442,11.360410644142442,11.360410644142442,0.0,0.0,0.0,11.13973114476724
2013-02-28,-104.75914348148794,-71.96931898892335,59.000319026308844,-104.75914348148794,-104.75914348148794,97.19520427730194,97.19520427730194,97.19520427730194,89.54550811806887,89.54550811806887,89.54550811806887,7.649696159233068,7.649696159233068,7.649696159233068,0.0,0.0,0.0,-7.563939204185999
2013-03-01,-104.12725132380388,-103.91063225766466,31.031732851870593,-104.12725132380388,-104.12725132380388,69.86138194887454,69.86138194887454,69.86138194887454,64.1356391327018,64.1356391327018,64.1356391327018,5.725742816172736,5.725742816172736,5.725742816172736,0.0,0.0,0.0,-34.26586937492934
2013-03-04,-102.23157485075164,-59.19204855982888,74.97565950254477,-102.23157485075164,-102.23157485075164,107.51470593805021,107.51470593805021,107.51470593805021,107.96022334979071,107.96022334979071,107.96022334979071,-0.4455174117404976,-0.4455174117404976,-0.4455174117404976,0.0,0.0,0.0,5.283131087298571
2013-03-05,-101.59968269306758,-64.65145833226515,67.75351591175445,-101.59968269306758,-101.59968269306758,102.55157507725833,102.55157507725833,102.55157507725833,105.1958442924062,105.1958442924062,105.1958442924062,-2.644269215147869,-2.644269215147869,-2.644269215147869,0.0,0.0,0.0,0.9518923841907565
2013-03-11,-97.8083297469631,-76.40129324327637,57.304925123348184,-97.8083297469631,-97.8083297469631,91.29376148983673,91.29376148983673,91.29376148983673,107.9602233498428,107.9602233498428,107.9602233498428,-16.666461860006073,-16.666461860006073,-16.666461860006073,0.0,0.0,0.0,-6.5145682571263706
2013-03-12,-97.17643758927905,-77.74688897767061,53.48366581561765,-97.17643758927905,-97.17643758927905,86.2306956291625,86.2306956291625,86.2306956291625,105.1958442923252,105.1958442923252,105.1958442923252,-18.96514866316272,-18.96514866316272,-18.96514866316272,0.0,0.0,0.0,-10.94574196011655
2013-03-15,-95.2807611162268,-126.81099186401838,6.098623847445513,-95.2807611162268,-95.2807611162268,38.815523331035614,38.815523331035614,38.815523331035614,64.13563913272932,64.13563913272932,64.13563913272932,-25.320115801693717,-25.320115801693717,-25.320115801693717,0.0,0.0,0.0,-56.465237785191185
2013-03-21,-91.48940817012235,-98.01913554373783,28.861991374908985,-91.48940817012235,-91.48940817012235,55.85252818850001,55.85252818850001,55.85252818850001,89.54550811788246,89.54550811788246,89.54550811788246,-33.692979929382446,-33.692979929382446,-33.692979929382446,0.0,0.0,0.0,-35.636879981622336
2013-03-26,-88.32994738170196,-85.59476441702229,49.96409143667709,-88.32994738170196,-88.32994738170196,70.23253839064198,70.23253839064198,70.23253839064198,105.19584429253985,105.19584429253985,105.19584429253985,-34.963305901897876,-34.963305901897876,-34.963305901897876,0.0,0.0,0.0,-18.09740899105998
2013-03-27,-87.6980552240179,-106.37327751081554,25.574025444115776,-87.6980552240179,-87.6980552240179,48.27024559851834,48.27024559851834,48.27024559851834,82.90704445186442,82.90704445186442,82.90704445186442,-34.636798853346086,-34.636798853346086,-34.636798853346086,0.0,0.0,0.0,-39.42780962549956
2013-04-03,-83.27481012022936,-97.57263855081938,36.10940978522962,-83.27481012022936,-83.27481012022936,53.94781305489267,53.94781305489267,53.94781305489267,82.90704445186729,82.90704445186729,82.90704445186729,-28.959231396974612,-28.959231396974612,-28.959231396974612,0.0,0.0,0.0,-29.32699706533669
2013-04-04,-82.6429179625453,-85.98729546487566,43.17425330339765,-82.6429179625453,-82.6429179625453,61.64167121385814,61.64167121385814,61.64167121385814,89.5455081179105,89.5455081179105,89.5455081179105,-27.90383690405237,-27.90383690405237,-27.90383690405237,0.0,0.0,0.0,-21.00124674868716
2013-04-05,-81.84997938478479,-108.72654486022662,21.85117879997776,-81.84997938478479,-81.84997938478479,37.29260818641401,37.29260818641401,37.29260818641401,64.13563913297732,64.13563913297732,64.13563913297732,-26.843030946563314,-26.843030946563314,-26.843030946563314,0.0,0.0,0.0,-44.55737119837078
2013-04-09,-78.67822507374277,-60.65399236859047,74.18189496926918,-78.67822507374277,-78.67822507374277,82.38482719539836,82.38482719539836,82.38482719539836,105.19584429256616,105.19584429256616,105.19584429256616,-22.81101709716782,-22.81101709716782,-22.81101709716782,0.0,0.0,0.0,3.7066021216555924
2013-04-10,-77.88528649598226,-85.65957210550036,50.7282547520127,-77.88528649598226,-77.88528649598226,61.00354442557106,61.00354442557106,61.00354442557106,82.90704445189998,82.90704445189998,82.90704445189998,-21.90350002632893,-21.90350002632893,-21.90350002632893,0.0,0.0,0.0,-16.8817420704112
2013-04-16,-73.1276550294192,-59.04328936497445,79.69448186591983,-73.1276550294192,-73.1276550294192,87.59332483149137,87.59332483149137,87.59332483149137,105.19584429254056,105.19584429254056,105.19584429254056,-17.602519461049194,-17.602519461049194,-17.602519461049194,0.0,0.0,0.0,14.46566980207217
2013-04-17,-72.3347164516587,-74.98523252179383,63.31533091894416,-72.3347164516587,-72.3347164516587,65.82900185476255,65.82900185476255,65.82900185476255,82.90704445187926,82.90704445187926,82.90704445187926,-17.07804259711671,-17.07804259711671,-17.07804259711671,0.0,0.0,0.0,-6.505714596896141
2013-04-19,-70.74883929613767,-92.346139706687,43.88716940261533,-70.74883929613767,-70.74883929613767,47.94696022544674,47.94696022544674,47.94696022544674,64.13563913325125,64.13563913325125,64.13563913325125,-16.18867890780451,-16.18867890780451,-16.18867890780451,0.0,0.0,0.0,-22.801879070690937
2013-04-22,-68.37002356285615,-44.8670154923135,92.4195114851472,-68.37002356285615,-68.37002356285615,92.691668820123,92.691668820123,92.691668820123,107.96022334951331,107.96022334951331,107.96022334951331,-15.268554529390315,-15.268554529390315,-15.268554529390315,0.0,0.0,0.0,24.32164525726685
2013-04-24,-66.78414640733507,-62.515920460555606,67.55968884702003,-66.78414640733507,-66.78414640733507,67.93812353671817,67.93812353671817,67.93812353671817,82.90704445191196,82.90704445191196,82.90704445191196,-14.968920915193785,-14.968920915193785,-14.968920915193785,0.0,0.0,0.0,1.1539771293830938
2013-04-25,-65.99120782957456,-65.8200154349743,72.36444814807992,-65.99120782957456,-65.99120782957456,74.61530758463117,74.61530758463117,74.61530758463117,89.54550811802751,89.54550811802751,89.54550811802751,-14.93020053339635,-14.93020053339635,-14.93020053339635,0.0,0.0,0.0,8.624099755056605
2013-04-26,-65.19826925181398,-85.3768749372119,50.423310762626585,-65.19826925181398,-65.19826925181398,49.16009686942298,49.16009686942298,49.16009686942298,64.13563913325177,64.13563913325177,64.13563913325177,-14.975542263828789,-14.975542263828789,-14.975542263828789,0.0,0.0,0.0,-16.038172382391004
2013-05-01,-60.68754116250188,-60.773846419121035,74.28458819063228,-60.68754116250188,-60.68754116250188,66.14568824446314,66.14568824446314,66.14568824446314,82.9070444518614,82.9070444518614,82.9070444518614,-16.76135620739824,-16.76135620739824,-16.76135620739824,0.0,0.0,0.0,5.458147081961265
2013-05-03,-58.88324992677701,-83.57329260670767,55.04374169893121,-58.88324992677701,-58.88324992677701,45.78820591589824,45.78820591589824,45.78820591589824,64.13563913303234,64.13563913303234,64.13563913303234,-18.3474332171341,-18.3474332171341,-18.3474332171341,0.0,0.0,0.0,-13.095044010878773
2013-05-06,-56.17681307318977,-42.22859237451738,93.55115160378861,-56.17681307318977,-56.17681307318977,86.19744950482452,86.19744950482452,86.19744950482452,107.96022334930124,107.96022334930124,107.96022334930124,-21.762773844476726,-21.762773844476726,-21.762773844476726,0.0,0.0,0.0,30.02063643163475
2013-05-07,-55.27466745532734,-37.70371262219995,94.35789329276287,-55.27466745532734,-55.27466745532734,82.02600449263502,82.02600449263502,82.02600449263502,105.19584429254134,105.19584429254134,105.19584429254134,-23.16983979990632,-23.16983979990632,-23.16983979990632,0.0,0.0,0.0,26.751337037307685
2013-05-10,-52.5682306017401,-86.48411819825922,50.734073965534755,-52.5682306017401,-52.5682306017401,36.05418314327854,36.05418314327854,36.05418314327854,64.13563913303284,64.13563913303284,64.13563913303284,-28.081455989754296,-28.081455989754296,-28.081455989754296,0.0,0.0,0.0,-16.514047458461555
2013-05-13,-49.861793748152856,-48.44634294205451,92.91133885180037,-49.861793748152856,-49.861793748152856,74.24958970710838,74.24958970710838,74.24958970710838,107.96022334950665,107.96022334950665,107.96022334950665,-33.71063364239828,-33.71063364239828,-33.71063364239828,0.0,0.0,0.0,24.38779595895553
2013-05-15,-48.05750251242799,-67.99497831330024,62.36735979682768,-48.05750251242799,-48.05750251242799,45.311803937271236,45.311803937271236,45.311803937271236,82.90704445192678,82.90704445192678,82.90704445192678,-37.59524051465554,-37.59524051465554,-37.59524051465554,0.0,0.0,0.0,-2.7456985751567515
2013-05-22,-41.74248318739107,-71.6114995791934,60.713242705441424,-41.74248318739107,-41.74248318739107,33.67054951584212,33.67054951584212,33.67054951584212,82.90704445187623,82.90704445187623,82.90704445187623,-49.236494936034106,-49.236494936034106,-49.236494936034106,0.0,0.0,0.0,-8.071933671548955
2013-05-23,-40.84033756952864,-69.71318962677867,65.36983086684371,-40.84033756952864,-40.84033756952864,39.12841620894656,39.12841620894656,39.12841620894656,89.54550811808365,89.54550811808365,89.54550811808365,-50.41709190913709,-50.41709190913709,-50.41709190913709,0.0,0.0,0.0,-1.7119213605820818
2013-05-24,-39.93819195166639,-95.880956218647,39.008973239131585,-39.93819195166639,-39.93819195166639,12.686324591210848,12.686324591210848,12.686324591210848,64.13563913306035,64.13563913306035,64.13563913306035,-51.44931454184951,-51.44931454184951,-51.44931454184951,0.0,0.0,0.0,-27.25186736045554
2013-05-27,-37.10923882110589,-48.374891032785776,81.21908270251477,-37.10923882110589,-37.10923882110589,54.273856316225604,54.273856316225604,54.273856316225604,107.96022334929464,107.96022334929464,107.96022334929464,-53.68636703306903,-53.68636703306903,-53.68636703306903,0.0,0.0,0.0,17.164617495119714
2013-05-29,-35.223270067398865,-75.02469955893366,61.9237605251497,-35.223270067398865,-35.223270067398865,28.338808216769824,28.338808216769824,28.338808216769824,82.9070444519089,82.9070444519089,82.9070444519089,-54.56823623513909,-54.56823623513909,-54.56823623513909,0.0,0.0,0.0,-6.884461850629041
2013-05-30,-34.280285690545384,-65.79201904697157,72.82858871352711,-34.280285690545384,-34.280285690545384,34.66630684080387,34.66630684080387,34.66630684080387,89.54550811802088,89.54550811802088,89.54550811802088,-54.87920127721701,-54.87920127721701,-54.87920127721701,0.0,0.0,0.0,0.38602115025848605
2013-05-31,-33.337301313691846,-87.32872506307177,45.25595782515334,-33.337301313691846,-33.337301313691846,9.001005790990543,9.001005790990543,9.001005790990543,64.13563913284091,64.13563913284091,64.13563913284091,-55.134633341850375,-55.134633341850375,-55.134633341850375,0.0,0.0,0.0,-24.336295522701302
2013-06-03,-30.50834818313134,-43.76571009772365,90.05643418373026,-30.50834818313134,-30.50834818313134,52.124781675355415,52.124781675355415,52.124781675355415,107.9602233496534,107.9602233496534,107.9602233496534,-55.83544167429799,-55.83544167429799,-55.83544167429799,0.0,0.0,0.0,21.616433492224076
2013-06-04,-29.565363806277862,-42.50805911920587,88.00894844169876,-29.565363806277862,-29.565363806277862,49.056010897107605,49.056010897107605,49.056010897107605,105.19584429246102,105.19584429246102,105.19584429246102,-56.139833395353406,-56.139833395353406,-56.139833395353406,0.0,0.0,0.0,19.490647090829743
2013-06-05,-28.622379429424317,-67.63340938936123,60.845950653788854,-28.622379429424317,-28.622379429424317,26.38248384087802,26.38248384087802,26.38248384087802,82.90704445185835,82.90704445185835,82.90704445185835,-56.52456061098032,-56.52456061098032,-56.52456061098032,0.0,0.0,0.0,-2.239895588546297
2013-06-06,-27.67939505257084,-58.20711188728973,72.57256613785327,-27.67939505257084,-27.67939505257084,32.53160172700423,32.53160172700423,32.53160172700423,89.54550811810982,89.54550811810982,89.54550811810982,-57.01390639110559,-57.01390639110559,-57.01390639110559,0.0,0.0,0.0,4.85220667443339
2013-06-10,-23.907457545156856,-47.80189340535258,90.45058392581146,-23.907457545156856,-23.907457545156856,47.57676495903011,47.57676495903011,47.57676495903011,107.9602233497055,107.9602233497055,107.9602233497055,-60.38345839067539,-60.38345839067539,-60.38345839067539,0.0,0.0,0.0,23.669307413873252
2013-06-11,-22.964473168303314,-44.77946387224218,86.10680251187776,-22.964473168303314,-22.964473168303314,43.56464324111455,43.56464324111455,43.56464324111455,105.19584429238,105.19584429238,105.19584429238,-61.63120105126545,-61.63120105126545,-61.63120105126545,0.0,0.0,0.0,20.60017007281124
2013-06-12,-22.02148879144971,-70.82929406827776,64.1207943848356,-22.02148879144971,-22.02148879144971,19.86336643801425,19.86336643801425,19.86336643801425,82.90704445191463,82.90704445191463,82.90704445191463,-63.043678013900376,-63.043678013900376,-63.043678013900376,0.0,0.0,0.0,-2.158122353435459
2013-06-13,-21.078504401759044,-59.24463159795457,72.04870048746697,-21.078504401759044,-21.078504401759044,24.93318428814752,24.93318428814752,24.93318428814752,89.54550811789723,89.54550811789723,89.54550811789723,-64.61232382974973,-64.61232382974973,-64.61232382974973,0.0,0.0,0.0,3.8546798863884746
2013-06-14,-20.13552001206844,-91.55469587286352,38.143909961128124,-20.13552001206844,-20.13552001206844,-2.1873072919411856,-2.1873072919411856,-2.1873072919411856,64.13563913286845,64.13563913286845,64.13563913286845,-66.32294642480964,-66.32294642480964,-66.32294642480964,0.0,0.0,0.0,-22.322827304009625
2013-06-17,-17.306566842996506,-45.60416945132718,83.0619349995377,-17.306566842996506,-17.306566842996506,35.872937265433514,35.872937265433514,35.872937265433514,107.9602233499109,107.9602233499109,107.9602233499109,-72.0872860844774,-72.0872860844774,-72.0872860844774,0.0,0.0,0.0,18.566370422437007
2013-06-18,-16.36358245330584,-50.86996342371303,82.29121278765356,-16.36358245330584,-16.36358245330584,31.071342872288927,31.071342872288927,31.071342872288927,105.19584429254279,105.19584429254279,105.19584429254279,-74.12450142025386,-74.12450142025386,-74.12450142025386,0.0,0.0,0.0,14.707760418983089
2013-06-19,-15.420598063615236,-72.07097183461119,62.65235384419951,-15.420598063615236,-15.420598063615236,6.743269705408279,6.743269705408279,6.743269705408279,82.90704445189391,82.90704445189391,82.90704445189391,-76.16377474648563,-76.16377474648563,-76.16377474648563,0.0,0.0,0.0,-8.677328358206957
2013-06-20,-14.47761367392457,-70.35491490700619,62.80356062180403,-14.47761367392457,-14.47761367392457,11.376919234433778,11.376919234433778,11.376919234433778,89.54550811783446,89.54550811783446,89.54550811783446,-78.16858888340069,-78.16858888340069,-78.16858888340069,0.0,0.0,0.0,-3.100694439490791
2013-06-24,-10.705676115162031,-56.082149958732565,73.05022628702261,-10.705676115162031,-10.705676115162031,22.8418610385846,22.8418610385846,22.8418610385846,107.96022334949348,107.96022334949348,107.96022334949348,-85.11836231090888,-85.11836231090888,-85.11836231090888,0.0,0.0,0.0,12.136184923422569
2013-06-26,-8.819707335780762,-79.01201453034605,53.31256668877657,-8.819707335780762,-8.819707335780762,-4.598594419728301,-4.598594419728301,-4.598594419728301,82.90704445187319,82.90704445187319,82.90704445187319,-87.50563887160149,-87.50563887160149,-87.50563887160149,0.0,0.0,0.0,-13.418301755509063
2013-06-27,-7.876722946090097,-70.98074788002411,65.78144132617115,-7.876722946090097,-7.876722946090097,1.2007825484225494,1.2007825484225494,1.2007825484225494,89.5455081180751,89.5455081180751,89.5455081180751,-88.34472556965257,-88.34472556965257,-88.34472556965257,0.0,0.0,0.0,-6.6759403976675475
2013-06-28,-6.9337385563994935,-93.65609341476609,33.282673314236085,-6.9337385563994935,-6.9337385563994935,-24.7956833917674,-24.7956833917674,-24.7956833917674,64.13563913264952,64.13563913264952,64.13563913264952,-88.93132252441691,-88.93132252441691,-88.93132252441691,0.0,0.0,0.0,-31.729421948166895
2013-07-01,-4.104759278698064,-53.570120486935316,83.53286298364988,-4.104759278698064,-4.104759278698064,18.780538350932638,18.780538350932638,18.780538350932638,107.96022334954556,107.96022334954556,107.96022334954556,-89.17968499861293,-89.17968499861293,-89.17968499861293,0.0,0.0,0.0,14.675779072234572
2013-07-02,-3.1617661861309836,-59.13261449644011,83.79329261033534,-3.1617661861309836,-3.1617661861309836,16.398660659444197,16.398660659444197,16.398660659444197,105.19584429238073,105.19584429238073,105.19584429238073,-88.79718363293652,-88.79718363293652,-88.79718363293652,0.0,0.0,0.0,13.236894473313214
2013-07-03,-2.2187730935638403,-74.65553652371447,61.1429238023607,-2.2187730935638403,-2.2187730935638403,-5.312553557268975,-5.312553557268975,-5.312553557268975,82.90704445185244,82.90704445185244,82.90704445185244,-88.21959800912143,-88.21959800912143,-88.21959800912143,0.0,0.0,0.0,-7.531326650832815
2013-07-04,-1.2757800009966973,-64.39706604390707,71.52012774870414,-1.2757800009966973,-1.2757800009966973,2.065925634013938,2.065925634013938,2.065925634013938,89.54550811786254,89.54550811786254,89.54550811786254,-87.4795824838486,-87.4795824838486,-87.4795824838486,0.0,0.0,0.0,0.7901456330172405
2013-07-05,-0.3327869084295543,-91.1988183598279,42.38157042210704,-0.3327869084295543,-0.3327869084295543,-22.479911747221344,-22.479911747221344,-22.479911747221344,64.13563913311643,64.13563913311643,64.13563913311643,-86.61555088033776,-86.61555088033776,-86.61555088033776,0.0,0.0,0.0,-22.812698655650898
2013-07-08,2.496192369271875,-39.73214252264859,93.77020701060339,2.496192369271875,2.496192369271875,24.2319925857683,24.2319925857683,24.2319925857683,107.9602233499043,107.9602233499043,107.9602233499043,-83.728230764136,-83.728230764136,-83.728230764136,0.0,0.0,0.0,26.728184955040174
2013-07-09,3.439185461839018,-40.83022507009187,91.24011091744867,3.439185461839018,3.439185461839018,22.365946329673243,22.365946329673243,22.365946329673243,105.19584429262098,105.19584429262098,105.19584429262098,-82.82989796294773,-82.82989796294773,-82.82989796294773,0.0,0.0,0.0,25.80513179151226
2013-07-10,4.382178554406161,-59.66802871284221,73.60325798979832,4.382178554406161,4.382178554406161,0.860598685614729,0.860598685614729,0.860598685614729,82.90704445190873,82.90704445190873,82.90704445190873,-82.046445766294,-82.046445766294,-82.046445766294,0.0,0.0,0.0,5.24277724002089
2013-07-11,5.325171646973304,-57.34502179495372,76.45026829539204,5.325171646973304,5.325171646973304,8.120103984979083,8.120103984979083,8.120103984979083,89.54550811795146,89.54550811795146,89.54550811795146,-81.42540413297237,-81.42540413297237,-81.42540413297237,0.0,0.0,0.0,13.445275631952388
2013-07-12,6.268164739540447,-75.43814164042657,53.0145777090741,6.268164739540447,6.268164739540447,-16.875128430198263,-16.875128430198263,-16.875128430198263,64.13563913311691,64.13563913311691,64.13563913311691,-81.01076756331518,-81.01076756331518,-81.01076756331518,0.0,0.0,0.0,-10.606963690657816
2013-07-15,9.097144017241813,-30.645106449558927,104.64059641811073,9.097144017241813,9.097144017241813,26.597320764015436,26.597320764015436,26.597320764015436,107.96022334948682,107.96022334948682,107.96022334948682,-81.3629025854714,-81.3629025854714,-81.3629025854714,0.0,0.0,0.0,35.69446478125725
2013-07-16,10.040138336223698,-31.13228343292251,98.15658111140549,10.040138336223698,10.040138336223698,23.10036352360696,23.10036352360696,23.10036352360696,105.19584429259535,105.19584429259535,105.19584429259535,-82.0954807689884,-82.0954807689884,-82.0954807689884,0.0,0.0,0.0,33.14050185983066
2013-07-17,10.983132655205646,-50.81284078509142,78.01140792450954,10.983132655205646,10.983132655205646,-0.24874293554369398,-0.24874293554369398,-0.24874293554369398,82.90704445188801,82.90704445188801,82.90704445188801,-83.1557873874317,-83.1557873874317,-83.1557873874317,0.0,0.0,0.0,10.734389719661952
2013-07-19,12.869121293169416,-71.1365809257627,57.84504823424276,12.869121293169416,12.869121293169416,-22.104919395571418,-22.104919395571418,-22.104919395571418,64.13563913267755,64.13563913267755,64.13563913267755,-86.24055852824897,-86.24055852824897,-86.24055852824897,0.0,0.0,0.0,-9.235798102402002
2013-07-22,15.698104250115131,-39.38503669462711,101.07856234084836,15.698104250115131,15.698104250115131,15.014051509319556,15.014051509319556,15.014051509319556,107.96022334969224,107.96022334969224,107.96022334969224,-92.94617184037268,-92.94617184037268,-92.94617184037268,0.0,0.0,0.0,30.712155759434687
2013-07-23,16.641098569097018,-41.09851644981865,94.01700271334612,16.641098569097018,16.641098569097018,9.613995496571317,9.613995496571317,9.613995496571317,105.19584429251435,105.19584429251435,105.19584429251435,-95.58184879594305,-95.58184879594305,-95.58184879594305,0.0,0.0,0.0,26.255094065668334
2013-07-24,17.584092888078963,-60.95251970242453,64.05810102006284,17.584092888078963,17.584092888078963,-15.423223575115403,-15.423223575115403,-15.423223575115403,82.90704445192071,82.90704445192071,82.90704445192071,-98.33026802703611,-98.33026802703611,-98.33026802703611,0.0,0.0,0.0,2.1608693129635608
2013-07-25,18.52708720706085,-63.54975484246044,74.36186850819877,18.52708720706085,18.52708720706085,-11.584285203881647,-11.584285203881647,-11.584285203881647,89.54550811812935,89.54550811812935,89.54550811812935,-101.129793322011,-101.129793322011,-101.129793322011,0.0,0.0,0.0,6.942802003179201
2013-07-26,19.470081526042733,-88.22710735848133,47.15751557292574,19.470081526042733,19.470081526042733,-39.77923315048865,-39.77923315048865,-39.77923315048865,64.13563913317094,64.13563913317094,64.13563913317094,-103.91487228365959,-103.91487228365959,-103.91487228365959,0.0,0.0,0.0,-20.309151624445917
2013-07-29,22.29906448298845,-44.68462172699803,82.9743990348713,22.29906448298845,22.29906448298845,-3.5473807704487603,-3.5473807704487603,-3.5473807704487603,107.96022334989769,107.96022334989769,107.96022334989769,-111.50760412034644,-111.50760412034644,-111.50760412034644,0.0,0.0,0.0,18.751683712539688
2013-07-30,23.242058801970394,-58.362206209024485,77.81017061014072,23.242058801970394,23.242058801970394,-8.370118298742453,-8.370118298742453,-8.370118298742453,105.19584429243335,105.19584429243335,105.19584429243335,-113.56596259117582,-113.56596259117582,-113.56596259117582,0.0,0.0,0.0,14.871940503227941
2013-07-31,24.185053122328696,-74.08931514253261,56.432594377110604,24.185053122328696,24.185053122328696,-32.382185953583985,-32.382185953583985,-32.382185953583985,82.90704445187012,82.90704445187012,82.90704445187012,-115.28923040545412,-115.28923040545412,-115.28923040545412,0.0,0.0,0.0,-8.197132831255288
2013-08-01,25.128047442686995,-71.65680358616109,64.61732122003541,25.128047442686995,25.128047442686995,-27.082854614983027,-27.082854614983027,-27.082854614983027,89.54550811791678,89.54550811791678,89.54550811791678,-116.6283627328998,-116.6283627328998,-116.6283627328998,0.0,0.0,0.0,-1.9548071722960323
2013-08-05,28.900024724120193,-43.18399572283764,88.91399490398884,28.900024724120193,28.900024724120193,-9.556651845266178,-9.556651845266178,-9.556651845266178,107.96022334916395,107.96022334916395,107.96022334916395,-117.51687519443013,-117.51687519443013,-117.51687519443013,0.0,0.0,0.0,19.343372878854016
2013-08-06,29.843019044478496,-49.004057157905876,83.1288858074682,29.843019044478496,29.843019044478496,-11.37510191525366,-11.37510191525366,-11.37510191525366,105.19584429254068,105.19584429254068,105.19584429254068,-116.57094620779434,-116.57094620779434,-116.57094620779434,0.0,0.0,0.0,18.467917129224837
2013-08-07,30.786013364836794,-67.78036847475833,64.21723529940603,30.786013364836794,30.786013364836794,-32.27682056318364,-32.27682056318364,-32.27682056318364,82.90704445190286,82.90704445190286,82.90704445190286,-115.1838650150865,-115.1838650150865,-115.1838650150865,0.0,0.0,0.0,-1.4908071983468467
2013-08-08,31.729007685195093,-55.47062940773004,74.26620366189304,31.729007685195093,31.729007685195093,-23.847054598868283,-23.847054598868283,-23.847054598868283,89.5455081180057,89.5455081180057,89.5455081180057,-113.39256271687398,-113.39256271687398,-113.39256271687398,0.0,0.0,0.0,7.88195308632681
2013-08-09,32.672002005553395,-84.02795478755486,49.47728625256114,32.672002005553395,32.672002005553395,-47.11145091947864,-47.11145091947864,-47.11145091947864,64.13563913317195,64.13563913317195,64.13563913317195,-111.24709005265059,-111.24709005265059,-111.24709005265059,0.0,0.0,0.0,-14.439448913925247
2013-08-12,35.50098496662823,-26.737365471283756,108.58882508237261,35.50098496662823,35.50098496662823,4.599007967559496,4.599007967559496,4.599007967559496,107.96022334936936,107.96022334936936,107.96022334936936,-103.36121538180987,-103.36121538180987,-103.36121538180987,0.0,0.0,0.0,40.099992934187725
2013-08-13,36.44397928698653,-22.7884200433438,104.61217609772044,36.44397928698653,36.44397928698653,4.6734475487646,4.6734475487646,4.6734475487646,105.19584429251512,105.19584429251512,105.19584429251512,-100.52239674375052,-100.52239674375052,-100.52239674375052,0.0,0.0,0.0,41.11742683575113
2013-08-14,37.38697360734477,-38.7261593028174,91.62382040647563,37.38697360734477,37.38697360734477,-14.825027089114492,-14.825027089114492,-14.825027089114492,82.90704445188211,82.90704445188211,82.90704445188211,-97.7320715409966,-97.7320715409966,-97.7320715409966,0.0,0.0,0.0,22.56194651823028
2013-08-15,38.3299679346334,-39.22653697238252,96.94898354285701,38.3299679346334,38.3299679346334,-5.542352565688383,-5.542352565688383,-5.542352565688383,89.54550811794294,89.54550811794294,89.54550811794294,-95.08786068363132,-95.08786068363132,-95.08786068363132,0.0,0.0,0.0,32.78761536894502
2013-08-16,39.27296226192204,-56.258149016896894,79.56970825744679,39.27296226192204,39.27296226192204,-28.551827460954645,-28.551827460954645,-28.551827460954645,64.1356391334189,64.1356391334189,64.1356391334189,-92.68746659437355,-92.68746659437355,-92.68746659437355,0.0,0.0,0.0,10.721134800967395
2013-08-19,42.101945243788,-7.384231944176993,129.44803520755804,42.101945243788,42.101945243788,20.08959800383875,20.08959800383875,20.08959800383875,107.96022334957482,107.96022334957482,107.96022334957482,-87.87062534573606,-87.87062534573606,-87.87062534573606,0.0,0.0,0.0,62.191543247626754
2013-08-20,43.04493957107663,-6.906056299368393,129.38670695816037,43.04493957107663,43.04493957107663,17.86625607762414,17.86625607762414,17.86625607762414,105.19584429248953,105.19584429248953,105.19584429248953,-87.3295882148654,-87.3295882148654,-87.3295882148654,0.0,0.0,0.0,60.91119564870077
2013-08-21,43.98793389836527,-26.49640282366475,102.49637376704064,43.98793389836527,43.98793389836527,-4.521090295175265,-4.521090295175265,-4.521090295175265,82.9070444518614,82.9070444518614,82.9070444518614,-87.42813474703665,-87.42813474703665,-87.42813474703665,0.0,0.0,0.0,39.46684360319001
2013-08-22,44.9309282256539,-17.519507784183475,110.48917307490349,44.9309282256539,44.9309282256539,1.3362424269715867,1.3362424269715867,1.3362424269715867,89.54550811803566,89.54550811803566,89.54550811803566,-88.20926569106408,-88.20926569106408,-88.20926569106408,0.0,0.0,0.0,46.26717065262549
2013-08-23,45.87392255294254,-43.08769328528809,85.48183677617678,45.87392255294254,45.87392255294254,-25.563400446702044,-25.563400446702044,-25.563400446702044,64.13563913319948,64.13563913319948,64.13563913319948,-89.69903957990152,-89.69903957990152,-89.69903957990152,0.0,0.0,0.0,20.310522106240494
2013-08-26,48.7029055348085,-10.223895080943812,124.34477563430784,48.7029055348085,48.7029055348085,9.561080091989522,9.561080091989522,9.561080091989522,107.96022334962692,107.96022334962692,107.96022334962692,-98.39914325763739,-98.39914325763739,-98.39914325763739,0.0,0.0,0.0,58.263985626798025
2013-08-27,49.64589986209714,-11.360948461105716,119.94888150810478,49.64589986209714,49.64589986209714,2.5924204849463957,2.5924204849463957,2.5924204849463957,105.19584429259685,105.19584429259685,105.19584429259685,-102.60342380765046,-102.60342380765046,-102.60342380765046,0.0,0.0,0.0,52.23832034704353
2013-08-28,50.58889418938577,-42.42236396151496,87.24038761831471,50.58889418938577,50.58889418938577,-24.44994031561058,-24.44994031561058,-24.44994031561058,82.90704445186422,82.90704445186422,82.90704445186422,-107.3569847674748,-107.3569847674748,-107.3569847674748,0.0,0.0,0.0,26.13895387377519
2013-08-29,51.53188851667441,-38.904016008534036,97.86584241083882,51.53188851667441,51.53188851667441,-23.0238856901982,-23.0238856901982,-23.0238856901982,89.5455081179729,89.5455081179729,89.5455081179729,-112.5693938081711,-112.5693938081711,-112.5693938081711,0.0,0.0,0.0,28.508002826476208
2013-08-30,52.4748828490698,-66.29380687191298,67.20051304678795,52.4748828490698,52.4748828490698,-53.99712828344005,-53.99712828344005,-53.99712828344005,64.13563913298003,64.13563913298003,64.13563913298003,-118.13276741642008,-118.13276741642008,-118.13276741642008,0.0,0.0,0.0,-1.522245434370248
2013-09-02,55.303865846256045,-37.432432679081494,96.04873966661513,55.303865846256045,55.303865846256045,-27.669469040356038,-27.669469040356038,-27.669469040356038,107.9602233495161,107.9602233495161,107.9602233495161,-135.62969238987213,-135.62969238987213,-135.62969238987213,0.0,0.0,0.0,27.634396805900007
2013-09-03,56.2468601786515,-50.78978241851708,83.33588508465927,56.2468601786515,56.2468601786515,-36.04633485054085,-36.04633485054085,-36.04633485054085,105.19584429251584,105.19584429251584,105.19584429251584,-141.2421791430567,-141.2421791430567,-141.2421791430567,0.0,0.0,0.0,20.20052532811065
2013-09-04,57.189854511046896,-73.04223635555266,58.80779442951123,57.189854511046896,57.189854511046896,-63.57581243062063,-63.57581243062063,-63.57581243062063,82.90704445189694,82.90704445189694,82.90704445189694,-146.48285688251755,-146.48285688251755,-146.48285688251755,0.0,0.0,0.0,-6.385957919573734
2013-09-05,58.1328488434423,-72.29053238952848,65.5885129589857,58.1328488434423,58.1328488434423,-61.64547794966152,-61.64547794966152,-61.64547794966152,89.54550811806183,89.54550811806183,89.54550811806183,-151.19098606772334,-151.19098606772334,-151.19098606772334,0.0,0.0,0.0,-3.5126291062192223
2013-09-06,59.07584317583775,-98.88479689052896,34.929608008816295,59.07584317583775,59.07584317583775,-91.07267980550347,-91.07267980550347,-91.07267980550347,64.13563913298054,64.13563913298054,64.13563913298054,-155.20831893848404,-155.20831893848404,-155.20831893848404,0.0,0.0,0.0,-31.996836629665722
2013-09-09,61.904826173024,-56.71573859818904,76.518791828639,61.904826173024,61.904826173024,-53.68445364755658,-53.68445364755658,-53.68445364755658,107.9602233495682,107.9602233495682,107.9602233495682,-161.64467699712478,-161.64467699712478,-161.64467699712478,0.0,0.0,0.0,8.220372525467418
2013-09-10,62.84782050541939,-54.876505496242245,78.75767224047486,62.84782050541939,62.84782050541939,-56.29306385281358,-56.29306385281358,-56.29306385281358,105.19584429243484,105.19584429243484,105.19584429243484,-161.48890814524842,-161.48890814524842,-161.48890814524842,0.0,0.0,0.0,6.5547566526058105
2013-09-11,63.79081483781485,-79.72040327739688,55.09355594277142,63.79081483781485,63.79081483781485,-77.10216192705211,-77.10216192705211,-77.10216192705211,82.90704445192964,82.90704445192964,82.90704445192964,-160.00920637898173,-160.00920637898173,-160.00920637898173,0.0,0.0,0.0,-13.311347089237259
2013-09-12,64.73380917021025,-74.1684645692697,65.321054596222,64.73380917021025,64.73380917021025,-67.58653130750021,-67.58653130750021,-67.58653130750021,89.54550811784925,89.54550811784925,89.54550811784925,-157.13203942534946,-157.13203942534946,-157.13203942534946,0.0,0.0,0.0,-2.852722137289959
2013-09-13,65.67680350948845,-84.37350182908236,43.978348262722506,65.67680350948845,65.67680350948845,-88.67156489388789,-88.67156489388789,-88.67156489388789,64.13563913300757,64.13563913300757,64.13563913300757,-152.80720402689548,-152.80720402689548,-152.80720402689548,0.0,0.0,0.0,-22.99476138439944
2013-09-16,68.50578652732317,-21.892199330771184,114.30296008855409,68.50578652732317,68.50578652732317,-23.062701882737,-23.062701882737,-23.062701882737,107.96022334977361,107.96022334977361,107.96022334977361,-131.02292523251063,-131.02292523251063,-131.02292523251063,0.0,0.0,0.0,45.443084644586165
2013-09-17,69.44878086660137,-12.542021272956699,117.50178251571285,69.44878086660137,69.44878086660137,-15.718263428841425,-15.718263428841425,-15.718263428841425,105.19584429240925,105.19584429240925,105.19584429240925,-120.91410772125067,-120.91410772125067,-120.91410772125067,0.0,0.0,0.0,53.73051743775994
2013-09-18,70.39177520587958,-23.326738393373166,114.27767457471211,70.39177520587958,70.39177520587958,-26.583906941125257,-26.583906941125257,-26.583906941125257,82.90704445190266,82.90704445190266,82.90704445190266,-109.49095139302791,-109.49095139302791,-109.49095139302791,0.0,0.0,0.0,43.807868264754326
2013-09-19,71.3347695451578,-4.755516208365452,124.55617671734502,71.3347695451578,71.3347695451578,-7.3105384822757955,-7.3105384822757955,-7.3105384822757955,89.5455081179382,89.5455081179382,89.5455081179382,-96.85604660021399,-96.85604660021399,-96.85604660021399,0.0,0.0,0.0,64.024231062882
2013-09-20,72.27776388443607,-10.899249788813346,122.54424446184393,72.27776388443607,72.27776388443607,-18.99871717999486,-18.99871717999486,-18.99871717999486,64.13563913300807,64.13563913300807,64.13563913300807,-83.13435631300293,-83.13435631300293,-83.13435631300293,0.0,0.0,0.0,53.279046704441214
2013-09-23,75.10674690227066,80.02813159320387,213.4131098705149,75.10674690227066,75.10674690227066,70.97789562106898,70.97789562106898,70.97789562106898,107.96022334935616,107.96022334935616,107.96022334935616,-36.982327728287196,-36.982327728287196,-36.982327728287196,0.0,0.0,0.0,146.08464252333965
2013-09-24,76.04974124154893,101.16485673835692,230.53751410619546,76.04974124154893,76.04974124154893,84.67486693586896,84.67486693586896,84.67486693586896,105.19584429246115,105.19584429246115,105.19584429246115,-20.520977356592176,-20.520977356592176,-20.520977356592176,0.0,0.0,0.0,160.7246081774179
2013-09-25,76.99273558082709,92.21263363211376,218.82919372324506,76.99273558082709,76.99273558082709,79.06872853259881,79.06872853259881,79.06872853259881,82.90704445182853,82.90704445182853,82.90704445182853,-3.838315919229695,-3.838315919229695,-3.838315919229695,0.0,0.0,0.0,156.0614641134259
2013-09-26,77.93572992010536,116.31024138413704,248.61286704318678,77.93572992010536,77.93572992010536,102.41364262439275,102.41364262439275,102.41364262439275,89.54550811802712,89.54550811802712,89.54550811802712,12.868134506365621,12.868134506365621,12.868134506365621,0.0,0.0,0.0,180.34937254449812
2013-09-27,78.87872425938357,104.97212590952024,241.37314271919684,78.87872425938357,78.87872425938357,93.5371730616587,93.5371730616587,93.5371730616587,64.13563913278863,64.13563913278863,64.13563913278863,29.40153392887009,29.40153392887009,29.40153392887009,0.0,0.0,0.0,172.41589732104228
2013-09-28,79.8217185991105,-173.82166040697155,-35.15252591006782,79.8217185991105,79.8217185991105,-180.21265081269908,-180.21265081269908,-180.21265081269908,-225.78224437647026,-225.78224437647026,-225.78224437647026,45.56959356377117,45.56959356377117,45.56959356377117,0.0,0.0,0.0,-100.39093221358858
2013-09-30,81.70770727856433,196.9785475155927,335.13613700278245,81.70770727856433,81.70770727856433,184.04583828212392,184.04583828212392,184.04583828212392,107.96022334956159,107.96022334956159,107.96022334956159,76.08561493256231,76.08561493256231,76.08561493256231,0.0,0.0,0.0,265.7535455606883
2013-10-01,82.65070161829112,207.41870277631827,344.6958024480236,82.65070161829112,82.65070161829112,195.30029650416333,195.30029650416333,195.30029650416333,105.19584429243558,105.19584429243558,105.19584429243558,90.10445221172773,90.10445221172773,90.10445221172773,0.0,0.0,0.0,277.95099812245445
2013-10-02,83.59369595801805,200.39860996486567,333.23233050274,83.59369595801805,83.59369595801805,186.01293328293585,186.01293328293585,186.01293328293585,82.9070444518612,82.9070444518612,82.9070444518612,103.10588883107464,103.10588883107464,103.10588883107464,0.0,0.0,0.0,269.6066292409539
2013-10-03,84.53669029774497,228.18184767965022,348.8568938109627,84.53669029774497,84.53669029774497,204.51702373708116,204.51702373708116,204.51702373708116,89.54550811811606,89.54550811811606,89.54550811811606,114.97151561896513,114.97151561896513,114.97151561896513,0.0,0.0,0.0,289.05371403482616
2013-10-04,85.47968463747189,206.6756582532296,343.5111359591929,85.47968463747189,85.47968463747189,189.74113073103928,189.74113073103928,189.74113073103928,64.13563913325554,64.13563913325554,64.13563913325554,125.60549159778375,125.60549159778375,125.60549159778375,0.0,0.0,0.0,275.2208153685112
2013-10-05,86.42267897719881,-69.08601809345629,62.93981128379279,86.42267897719881,86.42267897719881,-90.84619059310397,-90.84619059310397,-90.84619059310397,-225.78224437548076,-225.78224437548076,-225.78224437548076,134.9360537823768,134.9360537823768,134.9360537823768,0.0,0.0,0.0,-4.423511615905156
2013-10-06,87.36567331692574,-57.273585481634335,73.55723747663095,87.36567331692574,87.36567331692574,-81.04553271324272,-81.04553271324272,-81.04553271324272,-223.96201496956354,-223.96201496956354,-223.96201496956354,142.91648225632082,142.91648225632082,142.91648225632082,0.0,0.0,0.0,6.320140603683015
2013-10-07,88.30866765665253,278.3753383463869,412.06192236903877,88.30866765665253,88.30866765665253,257.485727609222,257.485727609222,257.485727609222,107.96022334976702,107.96022334976702,107.96022334976702,149.52550425945498,149.52550425945498,149.52550425945498,0.0,0.0,0.0,345.7943952658745
2013-10-08,89.2516619963797,282.16619194928046,413.23081106225754,89.2516619963797,89.2516619963797,259.9629789370765,259.9629789370765,259.9629789370765,105.19584429235456,105.19584429235456,105.19584429235456,154.76713464472195,154.76713464472195,154.76713464472195,0.0,0.0,0.0,349.2146409334562
2013-10-09,90.19465633488,261.5975566112849,390.8711488804235,90.19465633488,90.19465633488,241.5770080941594,241.5770080941594,241.5770080941594,82.90704445191749,82.90704445191749,82.90704445191749,158.6699636422419,158.6699636422419,158.6699636422419,0.0,0.0,0.0,331.7716644290394
2013-10-10,91.13765067338029,275.41364022722246,402.8739771451749,91.13765067338029,91.13765067338029,250.83142417866597,250.83142417866597,250.83142417866597,89.5455081179035,89.5455081179035,89.5455081179035,161.2859160607625,161.2859160607625,161.2859160607625,0.0,0.0,0.0,341.9690748520463
2013-10-11,92.0806450118806,253.84429978431865,384.41273913063037,92.0806450118806,92.0806450118806,226.82415765891858,226.82415765891858,226.82415765891858,64.1356391330361,64.1356391330361,64.1356391330361,162.6885185258825,162.6885185258825,162.6885185258825,0.0,0.0,0.0,318.9048026707992
2013-10-12,93.0236393503809,-36.67110913335694,103.9619192816178,93.0236393503809,93.0236393503809,-62.811521586762176,-62.811521586762176,-62.811521586762176,-225.7822443758226,-225.7822443758226,-225.7822443758226,162.9707227890604,162.9707227890604,162.9707227890604,0.0,0.0,0.0,30.21211776361873
2013-10-13,93.9666336888812,-32.51831559600083,96.85234420798757,93.9666336888812,93.9666336888812,-61.7196717111693,-61.7196717111693,-61.7196717111693,-223.96201496921864,-223.96201496921864,-223.96201496921864,162.24234325804935,162.24234325804935,162.24234325804935,0.0,0.0,0.0,32.246961977711905
2013-10-14,94.90962802738163,294.46990396625654,427.9808338910454,94.90962802738163,94.90962802738163,268.5873988006649,268.5873988006649,268.5873988006649,107.96022334997247,107.96022334997247,107.96022334997247,160.62717545069242,160.62717545069242,160.62717545069242,0.0,0.0,0.0,363.49702682804656
2013-10-15,95.85262236588193,294.66369881196437,427.54469801112805,95.85262236588193,95.85262236588193,263.45571314935813,263.45571314935813,263.45571314935813,105.1958442925173,105.1958442925173,105.1958442925173,158.2598688568408,158.2598688568408,158.2598688568408,0.0,0.0,0.0,359.30833551524006
2013-10-16,96.79561670438223,270.52545082510744,398.84277539864365,96.79561670438223,96.79561670438223,238.1896770017176,238.1896770017176,238.1896770017176,82.90704445189678,82.90704445189678,82.90704445189678,155.28263254982082,155.28263254982082,155.28263254982082,0.0,0.0,0.0,334.9852937060998
2013-10-17,97.73861104288254,268.77748098286577,409.8556706035462,97.73861104288254,97.73861104288254,241.38736283455378,241.38736283455378,241.38736283455378,89.54550811814413,89.54550811814413,89.54550811814413,151.84185471640967,151.84185471640967,151.84185471640967,0.0,0.0,0.0,339.1259738774363
2013-10-18,98.68160538138271,242.3259130962509,374.09703537825624,98.68160538138271,98.68160538138271,212.22035715401324,212.22035715401324,212.22035715401324,64.13563913281665,64.13563913281665,64.13563913281665,148.08471802119658,148.08471802119658,148.08471802119658,0.0,0.0,0.0,310.90196253539597
2013-10-19,99.6245997247698,-53.38271391044537,82.45204648423504,99.6245997247698,99.6245997247698,-81.62635298311217,-81.62635298311217,-81.62635298311217,-225.7822443756752,-225.7822443756752,-225.7822443756752,144.155891392563,144.155891392563,144.155891392563,0.0,0.0,0.0,17.998246741657624
2013-10-20,100.56759406815686,-51.70780669855715,85.39191376230491,100.56759406815686,100.56759406815686,-83.76763949679857,-83.76763949679857,-83.76763949679857,-223.96201496935376,-223.96201496935376,-223.96201496935376,140.1943754725552,140.1943754725552,140.1943754725552,0.0,0.0,0.0,16.7999545713583
2013-10-21,101.51058841154394,281.41835890697257,410.734098503601,101.51058841154394,101.51058841154394,244.29079707286786,244.29079707286786,244.29079707286786,107.96022334955498,107.96022334955498,107.96022334955498,136.3305737233129,136.3305737233129,136.3305737233129,0.0,0.0,0.0,345.8013854844118
2013-10-22,102.45358275493102,274.90489030420355,407.52559046410806,102.45358275493102,102.45358275493102,237.87949848096036,237.87949848096036,237.87949848096036,105.19584429256919,105.19584429256919,105.19584429256919,132.68365418839116,132.68365418839116,132.68365418839116,0.0,0.0,0.0,340.33308123589137
2013-10-23,103.39657709831809,249.21346136170604,382.1252404752626,103.39657709831809,103.39657709831809,212.26630282639536,212.26630282639536,212.26630282639536,82.90704445192947,82.90704445192947,82.90704445192947,129.3592583744659,129.3592583744659,129.3592583744659,0.0,0.0,0.0,315.6628799247135
2013-10-24,104.33957144170529,252.69432640791325,385.5338848093622,104.33957144170529,104.33957144170529,215.99311200795785,215.99311200795785,215.99311200795785,89.54550811808136,89.54550811808136,89.54550811808136,126.4476038898765,126.4476038898765,126.4476038898765,0.0,0.0,0.0,320.33268344966314
2013-10-25,105.28256578509237,225.09314398884774,358.7374829728556,105.28256578509237,105.28256578509237,188.15765575836213,188.15765575836213,188.15765575836213,64.13563913259723,64.13563913259723,64.13563913259723,124.02201662576489,124.02201662576489,124.02201662576489,0.0,0.0,0.0,293.4402215434545
2013-10-27,107.16855447186653,-61.42960407509496,72.59600702357955,107.16855447186653,107.16855447186653,-103.12974461760817,-103.12974461760817,-103.12974461760817,-223.96201496922976,-223.96201496922976,-223.96201496922976,120.8322703516216,120.8322703516216,120.8322703516216,0.0,0.0,0.0,4.038809854258361
2013-10-28,108.1115488152536,268.2741948061559,405.94802422454654,108.1115488152536,108.1115488152536,228.0837314335903,228.0837314335903,228.0837314335903,107.96022334991372,107.96022334991372,107.96022334991372,120.12350808367658,120.12350808367658,120.12350808367658,0.0,0.0,0.0,336.1952802488439
2013-10-29,109.05454315864068,266.4051376148006,402.97007867568476,109.05454315864068,109.05454315864068,225.2077414516136,225.2077414516136,225.2077414516136,105.19584429248819,105.19584429248819,105.19584429248819,120.01189715912541,120.01189715912541,120.01189715912541,0.0,0.0,0.0,334.26228461025426
2013-10-30,109.99753750202788,249.00338774417165,381.02101606529214,109.99753750202788,109.99753750202788,203.38739015639837,203.38739015639837,203.38739015639837,82.90704445185531,82.90704445185531,82.90704445185531,120.48034570454308,120.48034570454308,120.48034570454308,0.0,0.0,0.0,313.38492765842625
2013-10-31,110.9405318420472,256.9198247467667,390.4725306210001,110.9405318420472,110.9405318420472,211.0411129717922,211.0411129717922,211.0411129717922,89.54550811786878,89.54550811786878,89.54550811786878,121.49560485392342,121.49560485392342,121.49560485392342,0.0,0.0,0.0,321.9816448138394
2013-11-01,111.88352618206666,230.91571742831383,369.39633029480143,111.88352618206666,111.88352618206666,187.1454653056483,187.1454653056483,187.1454653056483,64.13563913331056,64.13563913331056,64.13563913331056,123.00982617233775,123.00982617233775,123.00982617233775,0.0,0.0,0.0,299.02899148771496
2013-11-02,112.82652052208599,-53.310403574872076,81.86100644321485,112.82652052208599,112.82652052208599,-100.81982087446744,-100.81982087446744,-100.81982087446744,-225.7822443756932,-225.7822443756932,-225.7822443756932,124.96242350122577,124.96242350122577,124.96242350122577,0.0,0.0,0.0,12.006699647618547
2013-11-03,113.76951486210544,-50.47439665975211,82.66402679897827,113.76951486210544,113.76951486210544,-96.67983312582514,-96.67983312582514,-96.67983312582514,-223.9620149688849,-223.9620149688849,-223.9620149688849,127.28218184305975,127.28218184305975,127.28218184305975,0.0,0.0,0.0,17.089681736280298
2013-11-04,114.71250920212476,291.7173726340141,416.0276243495924,114.71250920212476,114.71250920212476,237.84977438535157,237.84977438535157,237.84977438535157,107.96022334996582,107.96022334996582,107.96022334996582,129.88955103538572,129.88955103538572,129.88955103538572,0.0,0.0,0.0,352.5622835874763
2013-11-05,115.65550354214422,284.1012357225746,422.72868952225036,115.65550354214422,115.65550354214422,237.8949031530639,237.8949031530639,237.8949031530639,105.1958442925955,105.1958442925955,105.1958442925955,132.6990588604684,132.6990588604684,132.6990588604684,0.0,0.0,0.0,353.5504066952081
2013-11-06,116.59849788216354,268.99184778713783,397.5334814435009,116.59849788216354,116.59849788216354,218.52882139892614,218.52882139892614,218.52882139892614,82.9070444519116,82.9070444519116,82.9070444519116,135.62177694701452,135.62177694701452,135.62177694701452,0.0,0.0,0.0,335.1273192810897
2013-11-07,117.54149222218298,277.494323563406,408.48523087224476,117.54149222218298,117.54149222218298,228.11328146286928,228.11328146286928,228.11328146286928,89.54550811795772,89.54550811795772,89.54550811795772,138.56777334491153,138.56777334491153,138.56777334491153,0.0,0.0,0.0,345.65477368505225
2013-11-08,118.48448656220232,259.7523791594394,391.312791861965,118.48448656220232,118.48448656220232,205.58412707750125,205.58412707750125,205.58412707750125,64.13563913309112,64.13563913309112,64.13563913309112,141.44848794441015,141.44848794441015,141.44848794441015,0.0,0.0,0.0,324.0686136397036
2013-11-09,119.42748090222176,-30.427467158037967,102.16784568490702,119.42748090222176,119.42748090222176,-81.60327350611499,-81.60327350611499,-81.60327350611499,-225.7822443757904,-225.7822443757904,-225.7822443757904,144.17897086967542,144.17897086967542,144.17897086967542,0.0,0.0,0.0,37.82420739610677
2013-11-10,120.3704752410649,-29.015536502317065,111.1490502331521,120.3704752410649,120.3704752410649,-77.28208550625729,-77.28208550625729,-77.28208550625729,-223.9620149689817,-223.9620149689817,-223.9620149689817,146.6799294627244,146.6799294627244,146.6799294627244,0.0,0.0,0.0,43.088389734807606
2013-11-11,121.31346957990816,309.2109990076918,449.33002431570395,121.31346957990816,121.31346957990816,256.8397596566566,256.8397596566566,256.8397596566566,107.96022334954836,107.96022334954836,107.96022334954836,148.87953630710822,148.87953630710822,148.87953630710822,0.0,0.0,0.0,378.15322923656475
2013-11-12,122.2564639187513,309.47881478625794,439.7377955704757,122.2564639187513,122.2564639187513,255.9108029973962,255.9108029973962,255.9108029973962,105.19584429256993,105.19584429256993,105.19584429256993,150.71495870482624,150.71495870482624,150.71495870482624,0.0,0.0,0.0,378.16726691614747
2013-11-13,123.19945825759443,293.34331112795485,423.79733588931697,123.19945825759443,123.19945825759443,235.0406233256384,235.0406233256384,235.0406233256384,82.90704445189088,82.90704445189088,82.90704445189088,152.13357887374752,152.13357887374752,152.13357887374752,0.0,0.0,0.0,358.24008158323284
2013-11-14,124.14245259643769,302.1906306932218,434.1407396280032,124.14245259643769,124.14245259643769,242.63939172906024,242.63939172906024,242.63939172906024,89.54550811789494,89.54550811789494,89.54550811789494,153.09388361116524,153.09388361116524,153.09388361116524,0.0,0.0,0.0,366.7818443254979
2013-11-15,125.08544693528083,271.9163794151084,410.36570787904725,125.08544693528083,125.08544693528083,217.70165113011964,217.70165113011964,217.70165113011964,64.13563913309163,64.13563913309163,64.13563913309163,153.56601199702803,153.56601199702803,153.56601199702803,0.0,0.0,0.0,342.78709806540047
2013-11-16,126.02844127412396,-13.693098599581244,121.84567207650802,126.02844127412396,126.02844127412396,-72.25028477032035,-72.25028477032035,-72.25028477032035,-225.7822443754666,-225.7822443754666,-225.7822443754666,153.53195960514626,153.53195960514626,153.53195960514626,0.0,0.0,0.0,53.778156503803615
2013-11-17,126.9714356129671,-10.450747894708742,122.19036826201518,126.9714356129671,126.9714356129671,-70.97656759481566,-70.97656759481566,-70.97656759481566,-223.96201496911684,-223.96201496911684,-223.96201496911684,152.98544737430117,152.98544737430117,152.98544737430117,0.0,0.0,0.0,55.994868018151436
2013-11-18,127.91442995181036,321.1873848352521,454.97644663576153,127.91442995181036,127.91442995181036,259.8916958453994,259.8916958453994,259.8916958453994,107.96022334943751,107.96022334943751,107.96022334943751,151.93147249596186,151.93147249596186,151.93147249596186,0.0,0.0,0.0,387.80612579720975
2013-11-19,128.85742429065348,322.75322755754297,449.56378804947633,128.85742429065348,128.85742429065348,255.58141144258437,255.58141144258437,255.58141144258437,105.19584429248891,105.19584429248891,105.19584429248891,150.38556715009548,150.38556715009548,150.38556715009548,0.0,0.0,0.0,384.43883573323785
2013-11-20,129.80041862949656,294.44456533023083,428.76679242915344,129.80041862949656,129.80041862949656,231.27984289445538,231.27984289445538,231.27984289445538,82.90704445187015,82.90704445187015,82.90704445187015,148.37279844258524,148.37279844258524,148.37279844258524,0.0,0.0,0.0,361.08026152395195
2013-11-21,130.74341296826884,300.01095287529705,434.1410570364288,130.74341296826884,130.74341296826884,235.47205738836203,235.47205738836203,235.47205738836203,89.54550811813559,89.54550811813559,89.54550811813559,145.92654927022645,145.92654927022645,145.92654927022645,0.0,0.0,0.0,366.2154703566309
2013-11-22,131.6864073070411,269.6131671595733,403.24787048946075,131.6864073070411,131.6864073070411,207.22276403939716,207.22276403939716,207.22276403939716,64.13563913311864,64.13563913311864,64.13563913311864,143.08712490627855,143.08712490627855,143.08712490627855,0.0,0.0,0.0,338.90917134643826
2013-11-23,132.62940164581335,-23.413324201154882,112.57910761701578,132.62940164581335,132.62940164581335,-85.88201063407313,-85.88201063407313,-85.88201063407313,-225.7822443758084,-225.7822443758084,-225.7822443758084,139.90023374173526,139.90023374173526,139.90023374173526,0.0,0.0,0.0,46.74739101174022
2013-11-24,133.57239598458563,-21.93644533120771,111.83234599030132,133.57239598458563,133.57239598458563,-87.54662220956727,-87.54662220956727,-87.54662220956727,-223.96201496899275,-223.96201496899275,-223.96201496899275,136.41539275942546,136.41539275942546,136.41539275942546,0.0,0.0,0.0,46.02577377501835
2013-11-25,134.51539032335788,313.02717492075726,441.1103681380648,134.51539032335788,134.51539032335788,240.64453227796344,240.64453227796344,240.64453227796344,107.96022334948962,107.96022334948962,107.96022334948962,132.68430892847383,132.68430892847383,132.68430892847383,0.0,0.0,0.0,375.15992260132134
2013-11-26,135.45838466213016,301.2574057502391,434.38963531780087,135.45838466213016,135.45838466213016,233.95513109202406,233.95513109202406,233.95513109202406,105.19584429246332,105.19584429246332,105.19584429246332,128.75928679956073,128.75928679956073,128.75928679956073,0.0,0.0,0.0,369.4135157541542
2013-11-27,136.4013790009024,274.9758749124366,412.740093074279,136.4013790009024,136.4013790009024,207.59875466414124,207.59875466414124,207.59875466414124,82.90704445187299,82.90704445187299,82.90704445187299,124.6917102122682,124.6917102122682,124.6917102122682,0.0,0.0,0.0,344.0001336650437
2013-11-28,137.3443733396747,282.46781748902737,411.75574555102276,137.3443733396747,137.3443733396747,210.07615041186676,210.07615041186676,210.07615041186676,89.54550811792302,89.54550811792302,89.54550811792302,120.53064229394376,120.53064229394376,120.53064229394376,0.0,0.0,0.0,347.42052375154145
2013-11-29,138.28736767844694,250.07530044366064,380.5870890907807,138.28736767844694,138.28736767844694,180.4572221033604,180.4572221033604,180.4572221033604,64.13563913311914,64.13563913311914,64.13563913311914,116.32158297024127,116.32158297024127,116.32158297024127,0.0,0.0,0.0,318.74458978180735
2013-11-30,139.23036201721914,-43.02839705767851,91.56482396408776,139.23036201721914,139.23036201721914,-113.67682718574468,-113.67682718574468,-113.67682718574468,-225.78224437590563,-225.78224437590563,-225.78224437590563,112.10541719016096,112.10541719016096,112.10541719016096,0.0,0.0,0.0,25.55353483147445
2013-12-01,140.17335635634637,-41.644681845308604,90.88688185286964,140.17335635634637,140.17335635634637,-116.04443477763849,-116.04443477763849,-116.04443477763849,-223.96201496886877,-223.96201496886877,-223.96201496886877,107.91758019123026,107.91758019123026,107.91758019123026,0.0,0.0,0.0,24.12892157870789
2013-12-02,141.11635069547376,288.8116568118932,420.87862630668883,141.11635069547376,141.11635069547376,211.74768196077295,211.74768196077295,211.74768196077295,107.96022334937878,107.96022334937878,107.96022334937878,103.78745861139419,103.78745861139419,103.78745861139419,0.0,0.0,0.0,352.8640326562467
2013-12-03,142.059345034601,284.03453745102746,414.71614463626076,142.059345034601,142.059345034601,204.93388262266603,204.93388262266603,204.93388262266603,105.1958442925152,105.1958442925152,105.1958442925152,99.73803833015081,99.73803833015081,99.73803833015081,0.0,0.0,0.0,346.993227657267
2013-12-04,143.00233937372823,255.97859493153766,386.5283155769522,143.00233937372823,143.00233937372823,178.69284628527572,178.69284628527572,178.69284628527572,82.90704445190572,82.90704445190572,82.90704445190572,95.78580183337003,95.78580183337003,95.78580183337003,0.0,0.0,0.0,321.695185659004
2013-12-05,143.94533371285547,261.03400028744323,393.2493137410971,143.94533371285547,143.94533371285547,181.48637800786958,181.48637800786958,181.48637800786958,89.54550811801386,89.54550811801386,89.54550811801386,91.94086988985573,91.94086988985573,91.94086988985573,0.0,0.0,0.0,325.43171172072505
2013-12-06,144.8883280519827,230.04266299203516,358.8504741627265,144.8883280519827,144.8883280519827,152.34301377353108,152.34301377353108,152.34301377353108,64.13563913311965,64.13563913311965,64.13563913311965,88.20737464041142,88.20737464041142,88.20737464041142,0.0,0.0,0.0,297.2313418255138
2013-12-07,145.83132239110995,-64.91820245519169,72.72364836136711,145.83132239110995,145.83132239110995,-141.1982003183209,-141.1982003183209,-141.1982003183209,-225.7822443762475,-225.7822443762475,-225.7822443762475,84.58404405792659,84.58404405792659,84.58404405792659,0.0,0.0,0.0,4.633122072789064
2013-12-08,146.7743167302372,-60.78384006140909,72.5283393671369,146.7743167302372,146.7743167302372,-142.89704362454822,-142.89704362454822,-142.89704362454822,-223.9620149692247,-223.9620149692247,-223.9620149692247,81.06497134467647,81.06497134467647,81.06497134467647,0.0,0.0,0.0,3.877273105688971
2013-12-09,147.71731106936454,263.8485246440278,401.7761324918581,147.71731106936454,147.71731106936454,185.60076072264354,185.60076072264354,185.60076072264354,107.9602233494309,107.9602233494309,107.9602233494309,77.64053737321265,77.64053737321265,77.64053737321265,0.0,0.0,0.0,333.3180717920081
2013-12-10,148.66030540849178,268.99677028944853,397.10280805790256,148.66030540849178,148.66030540849178,179.49429419187578,179.49429419187578,179.49429419187578,105.19584429248964,105.19584429248964,105.19584429248964,74.29844989938613,74.29844989938613,74.29844989938613,0.0,0.0,0.0,328.15459960036753
2013-12-11,149.60329974210384,243.6256831587938,371.66672682922024,149.60329974210384,149.60329974210384,153.9319045489303,153.9319045489303,153.9319045489303,82.90704445188499,82.90704445188499,82.90704445188499,71.0248600970453,71.0248600970453,71.0248600970453,0.0,0.0,0.0,303.5352042910341
2013-12-12,150.54629407571574,240.25463005214542,374.005671065186,150.54629407571574,150.54629407571574,157.35102318242156,157.35102318242156,157.35102318242156,89.54550811795107,89.54550811795107,89.54550811795107,67.80551506447048,67.80551506447048,67.80551506447048,0.0,0.0,0.0,307.89731725813726
2013-12-13,151.4892884093278,214.7482419964577,349.9880442962773,151.4892884093278,151.4892884093278,128.76254350444214,128.76254350444214,128.76254350444214,64.13563913314667,64.13563913314667,64.13563913314667,64.62690437129545,64.62690437129545,64.62690437129545,0.0,0.0,0.0,280.25183191376993
2013-12-14,152.43228274293972,-80.82118879598403,55.70059949569562,152.43228274293972,152.43228274293972,-164.30488492155348,-164.30488492155348,-164.30488492155348,-225.78224437567903,-225.78224437567903,-225.78224437567903,61.47735945412555,61.47735945412555,61.47735945412555,0.0,0.0,0.0,-11.87260217861376
2013-12-15,153.37527707655175,-76.18987644215426,57.66711164697844,153.37527707655175,153.37527707655175,-165.6139482808411,-165.6139482808411,-165.6139482808411,-223.96201496958062,-223.96201496958062,-223.96201496958062,58.34806668873952,58.34806668873952,58.34806668873952,0.0,0.0,0.0,-12.238671204289346
2013-12-16,154.31827141016367,255.06796830145544,385.4540291185105,154.31827141016367,154.31827141016367,163.19418154111636,163.19418154111636,163.19418154111636,107.96022334963634,107.96022334963634,107.96022334963634,55.233958191480035,55.233958191480035,55.233958191480035,0.0,0.0,0.0,317.51245295128
2013-12-17,155.2612657437757,247.30762902095486,379.1997756117652,155.2612657437757,155.2612657437757,157.3302930130056,157.3302930130056,157.3302930130056,105.19584429246409,105.19584429246409,105.19584429246409,52.13444872054151,52.13444872054151,52.13444872054151,0.0,0.0,0.0,312.5915587567813
2013-12-18,156.20426007738763,225.56708972610517,358.59319206066107,156.20426007738763,156.20426007738763,131.96103676664654,131.96103676664654,131.96103676664654,82.90704445191767,82.90704445191767,82.90704445191767,49.05399231472888,49.05399231472888,49.05399231472888,0.0,0.0,0.0,288.1652968440342
2013-12-19,157.14725441099966,224.13041653686497,356.1220136656548,157.14725441099966,157.14725441099966,135.54794647331252,135.54794647331252,135.54794647331252,89.54550811789021,89.54550811789021,89.54550811789021,46.00243835542231,46.00243835542231,46.00243835542231,0.0,0.0,0.0,292.69520088431216
2013-12-20,158.09024874461159,197.33637257959006,333.54200000329445,158.09024874461159,158.09024874461159,107.13081250591316,107.13081250591316,107.13081250591316,64.1356391331472,64.1356391331472,64.1356391331472,42.995173372765976,42.995173372765976,42.995173372765976,0.0,0.0,0.0,265.2210612505247
2013-12-21,159.03324307822348,-95.12211533074908,38.850892698760774,159.03324307822348,159.03324307822348,-185.72920244116565,-185.72920244116565,-185.72920244116565,-225.78224437602086,-225.78224437602086,-225.78224437602086,40.05304193485519,40.05304193485519,40.05304193485519,0.0,0.0,0.0,-26.695959362942176
2013-12-22,159.97623741130772,-97.39655770285998,39.13746416862631,159.97623741130772,159.97623741130772,-186.75996782991018,-186.75996782991018,-186.75996782991018,-223.96201496945662,-223.96201496945662,-223.96201496945662,37.202047139546465,37.202047139546465,37.202047139546465,0.0,0.0,0.0,-26.78373041860246
2013-12-23,160.91923174439194,235.68722699515584,366.1053275026464,160.91923174439194,160.91923174439194,142.43306170512747,142.43306170512747,142.43306170512747,107.96022334968843,107.96022334968843,107.96022334968843,34.47283835543904,34.47283835543904,34.47283835543904,0.0,0.0,0.0,303.3522934495194
2013-12-24,161.86222607747627,233.47458999473474,363.668885004812,161.86222607747627,161.86222607747627,137.0958450064334,137.0958450064334,137.0958450064334,105.19584429251594,105.19584429251594,105.19584429251594,31.900000713917457,31.900000713917457,31.900000713917457,0.0,0.0,0.0,298.95807108390966
2013-12-25,162.8052204105605,208.68983184989838,346.28219054571764,162.8052204105605,162.8052204105605,112.4282116843987,112.4282116843987,112.4282116843987,82.90704445186711,82.90704445186711,82.90704445186711,29.521167232531596,29.521167232531596,29.521167232531596,0.0,0.0,0.0,275.2334320949592
2013-12-26,163.74821474364472,219.99535047568824,347.1884294044816,163.74821474364472,163.74821474364472,116.92148827959711,116.92148827959711,116.92148827959711,89.54550811797915,89.54550811797915,89.54550811797915,27.375980161617978,27.375980161617978,27.375980161617978,0.0,0.0,0.0,280.6697030232418
2013-12-27,164.69120907672894,189.22567593339414,318.90854680954277,164.69120907672894,164.69120907672894,89.64057215518304,89.64057215518304,89.64057215518304,64.13563913292775,64.13563913292775,64.13563913292775,25.504933022255305,25.504933022255305,25.504933022255305,0.0,0.0,0.0,254.33178123191198
2013-12-28,165.63420340981315,-100.2245318903329,34.77855325981576,165.63420340981315,165.63420340981315,-201.8341156742938,-201.8341156742938,-201.8341156742938,-225.7822443763627,-225.7822443763627,-225.7822443763627,23.948128702068935,23.948128702068935,23.948128702068935,0.0,0.0,0.0,-36.199912264480645
2013-12-29,166.5771977428974,-99.44249282248734,36.887785156433466,166.5771977428974,166.5771977428974,-201.21802318518712,-201.21802318518712,-201.21802318518712,-223.96201496959176,-223.96201496959176,-223.96201496959176,22.74399178440463,22.74399178440463,22.74399178440463,0.0,0.0,0.0,-34.640825442289724
2013-12-30,167.5201920759816,228.0552718303765,363.76066057651633,167.5201920759816,167.5201920759816,129.88819827676025,129.88819827676025,129.88819827676025,107.9602233494243,107.9602233494243,107.9602233494243,21.92797492733595,21.92797492733595,21.92797492733595,0.0,0.0,0.0,297.4083903527419
2013-12-31,168.46318640906603,229.47072349529898,362.93626686647815,168.46318640906603,168.46318640906603,126.72714383079823,126.72714383079823,126.72714383079823,105.19584429249036,105.19584429249036,105.19584429249036,21.531299538307856,21.531299538307856,21.531299538307856,0.0,0.0,0.0,295.19033023986424
2014-01-02,170.3491750717894,212.99712963232855,348.61122978917535,170.3491750717894,170.3491750717894,111.63820845473556,111.63820845473556,111.63820845473556,89.54550811806808,89.54550811806808,89.54550811806808,22.09270033666749,22.09270033666749,22.09270033666749,0.0,0.0,0.0,281.987383526525
2014-01-03,171.29216940315115,191.07914466129955,323.68280557058534,171.29216940315115,171.29216940315115,87.21762260185484,87.21762260185484,87.21762260185484,64.13563913292826,64.13563913292826,64.13563913292826,23.0819834689266,23.0819834689266,23.0819834689266,0.0,0.0,0.0,258.509792005006
2014-01-04,172.2351637345129,-98.30617962132065,41.56039526177291,172.2351637345129,172.2351637345129,-201.23090402141952,-201.23090402141952,-201.23090402141952,-225.78224437579428,-225.78224437579428,-225.78224437579428,24.551340354374773,24.551340354374773,24.551340354374773,0.0,0.0,0.0,-28.995740286906624
2014-01-05,173.17815806587467,-92.28762159385435,46.86701928383193,173.17815806587467,173.17815806587467,-197.46624778463695,-197.46624778463695,-197.46624778463695,-223.96201496968854,-223.96201496968854,-223.96201496968854,26.495767185051623,26.495767185051623,26.495767185051623,0.0,0.0,0.0,-24.28808971876228
2014-01-06,174.12115239723627,244.80788979083755,376.32820123398466,174.12115239723627,174.12115239723627,136.8614276653323,136.8614276653323,136.8614276653323,107.96022334962971,107.96022334962971,107.96022334962971,28.90120431570257,28.90120431570257,28.90120431570257,0.0,0.0,0.0,310.98258006256856
2014-01-07,175.06414672859805,250.67873659892186,378.3231757589922,175.06414672859805,175.06414672859805,136.94028290235937,136.94028290235937,136.94028290235937,105.19584429240936,105.19584429240936,105.19584429240936,31.74443860994999,31.74443860994999,31.74443860994999,0.0,0.0,0.0,312.0044296309574
2014-01-08,176.0071410599598,229.05074250976307,360.35457180586604,176.0071410599598,176.0071410599598,117.90029022408481,117.90029022408481,117.90029022408481,82.90704445184925,82.90704445184925,82.90704445184925,34.99324577223557,34.99324577223557,34.99324577223557,0.0,0.0,0.0,293.9074312840446
2014-01-09,176.95013539132154,240.63555242524544,375.4954818410216,176.95013539132154,176.95013539132154,128.1522802369567,128.1522802369567,128.1522802369567,89.5455081178555,89.5455081178555,89.5455081178555,38.60677211910118,38.60677211910118,38.60677211910118,0.0,0.0,0.0,305.1024156282782
2014-01-10,177.89312972268317,215.99347911140845,354.1881339864749,177.89312972268317,177.89312972268317,106.6717874844333,106.6717874844333,106.6717874844333,64.13563913317522,64.13563913317522,64.13563913317522,42.53614835125808,42.53614835125808,42.53614835125808,0.0,0.0,0.0,284.5649172071165
2014-01-11,178.83612405404492,-63.89877842886603,67.82702222875966,178.83612405404492,178.83612405404492,-179.05692315585307,-179.05692315585307,-179.05692315585307,-225.7822443761361,-225.7822443761361,-225.7822443761361,46.72532122028302,46.72532122028302,46.72532122028302,0.0,0.0,0.0,-0.22079910180815432
2014-01-13,180.7221127167683,278.1931604211804,409.92200418485487,180.7221127167683,180.7221127167683,163.5894942342673,163.5894942342673,163.5894942342673,107.96022334983516,107.96022334983516,107.96022334983516,55.62927088443214,55.62927088443214,55.62927088443214,0.0,0.0,0.0,344.3116069510356
2014-01-14,181.665107043755,278.88450163112697,410.3362080561669,181.665107043755,181.665107043755,165.4019553115846,165.4019553115846,165.4019553115846,105.19584429238381,105.19584429238381,105.19584429238381,60.2061110192008,60.2061110192008,60.2061110192008,0.0,0.0,0.0,347.0670623553396
2014-01-15,182.60810137074154,262.09782678075004,399.7600925718871,182.60810137074154,182.60810137074154,147.67670737931994,147.67670737931994,147.67670737931994,82.90704445190552,82.90704445190552,82.90704445190552,64.76966292741442,64.76966292741442,64.76966292741442,0.0,0.0,0.0,330.2848087500615
2014-01-16,183.5510956977281,279.7485186630968,413.4221235161308,183.5510956977281,183.5510956977281,158.791843917878,158.791843917878,158.791843917878,89.54550811809615,89.54550811809615,89.54550811809615,69.24633579978182,69.24633579978182,69.24633579978182,0.0,0.0,0.0,342.3429396156061
2014-01-17,184.49409002471467,256.22247129580836,387.9273853442458,184.49409002471467,184.49409002471467,137.6990704073354,137.6990704073354,137.6990704073354,64.13563913295576,64.13563913295576,64.13563913295576,73.56343127437965,73.56343127437965,73.56343127437965,0.0,0.0,0.0,322.19316043205004
2014-01-18,185.43708435170137,-30.280115727952147,98.22680699678968,185.43708435170137,185.43708435170137,-148.13157031894988,-148.13157031894988,-148.13157031894988,-225.78224437556764,-225.78224437556764,-225.78224437556764,77.65067405661775,77.65067405661775,77.65067405661775,0.0,0.0,0.0,37.30551403275149
2014-01-19,186.38007867868794,-20.161208043608056,115.07117440609458,186.38007867868794,186.38007867868794,-142.52032497228006,-142.52032497228006,-142.52032497228006,-223.9620149692196,-223.9620149692196,-223.9620149692196,81.44168999693956,81.44168999693956,81.44168999693956,0.0,0.0,0.0,43.85975370640787
2014-01-20,187.3230730056745,314.3696017999157,448.53035778839984,187.3230730056745,187.3230730056745,192.83561639904525,192.83561639904525,192.83561639904525,107.96022334941767,107.96022334941767,107.96022334941767,84.87539304962756,84.87539304962756,84.87539304962756,0.0,0.0,0.0,380.1586894047198
2014-01-21,188.26606733266107,320.42877596890355,449.1056416815283,188.26606733266107,188.26606733266107,193.09308945229444,193.09308945229444,193.09308945229444,105.19584429249109,105.19584429249109,105.19584429249109,87.89724515980335,87.89724515980335,87.89724515980335,0.0,0.0,0.0,381.35915678495553
2014-01-22,189.20906165964774,296.6992073446311,428.9149674707677,189.20906165964774,189.20906165964774,173.3674012010645,173.3674012010645,173.3674012010645,82.90704445193823,82.90704445193823,82.90704445193823,90.46035674912623,90.46035674912623,90.46035674912623,0.0,0.0,0.0,362.57646286071224
2014-01-23,190.15205598663442,302.7116837243798,439.7502498167743,190.15205598663442,190.15205598663442,182.07190810316473,182.07190810316473,182.07190810316473,89.54550811803338,89.54550811803338,89.54550811803338,92.52639998513133,92.52639998513133,92.52639998513133,0.0,0.0,0.0,372.22396408979915
2014-01-24,191.095050308758,281.50236467123074,417.48257107761833,191.095050308758,191.095050308758,158.20195141859693,158.20195141859693,158.20195141859693,64.13563913273634,64.13563913273634,64.13563913273634,94.06631228586059,94.06631228586059,94.06631228586059,0.0,0.0,0.0,349.29700172735494
2014-01-25,192.0380446308817,-6.962727776546383,129.35963662633145,192.0380446308817,192.0380446308817,-130.7214710009009,-130.7214710009009,-130.7214710009009,-225.78224437548843,-225.78224437548843,-225.78224437548843,95.06077337458753,95.06077337458753,95.06077337458753,0.0,0.0,0.0,61.31657362998081
2014-01-26,192.98103895300528,-6.974808297649473,129.5657200079401,192.98103895300528,192.98103895300528,-128.46156948342514,-128.46156948342514,-128.46156948342514,-223.9620149693547,-223.9620149693547,-223.9620149693547,95.50044548592955,95.50044548592955,95.50044548592955,0.0,0.0,0.0,64.51946946958014
2014-01-27,193.92403327512898,331.8360377373323,462.90417777647565,193.92403327512898,193.92403327512898,203.34619619879254,203.34619619879254,203.34619619879254,107.96022334977643,107.96022334977643,107.96022334977643,95.3859728490161,95.3859728490161,95.3859728490161,0.0,0.0,0.0,397.2702294739215
2014-01-28,194.86702759725256,330.33831299136006,461.77190037071836,194.86702759725256,194.86702759725256,199.92358744214187,199.92358744214187,199.92358744214187,105.19584429254301,105.19584429254301,105.19584429254301,94.72774314959887,94.72774314959887,94.72774314959887,0.0,0.0,0.0,394.7906150393944
2014-01-29,195.81002191937628,302.6527235995891,442.8636652634003,195.81002191937628,195.81002191937628,176.45246456010898,176.45246456010898,176.45246456010898,82.90704445186407,82.90704445186407,82.90704445186407,93.54542010824493,93.54542010824493,93.54542010824493,0.0,0.0,0.0,372.26248647948523
2014-01-30,196.75301624149998,314.79006938256003,447.7493460351376,196.75301624149998,196.75301624149998,181.4127705452255,181.4127705452255,181.4127705452255,89.54550811812231,89.54550811812231,89.54550811812231,91.86726242710316,91.86726242710316,91.86726242710316,0.0,0.0,0.0,378.16578678672545
2014-01-31,197.69601056362356,280.49113320619085,414.11877935743195,197.69601056362356,197.69601056362356,153.86488911117516,153.86488911117516,153.86488911117516,64.13563913320323,64.13563913320323,64.13563913320323,89.72924997797192,89.72924997797192,89.72924997797192,0.0,0.0,0.0,351.56089967479875
2014-02-01,198.63900488574726,-7.763132592057457,123.46501278457805,198.63900488574726,198.63900488574726,-138.60820129930607,-138.60820129930607,-138.60820129930607,-225.78224437558563,-225.78224437558563,-225.78224437558563,87.17404307627955,87.17404307627955,87.17404307627955,0.0,0.0,0.0,60.03080358644118
2014-02-03,200.52499352999453,320.08900504231207,460.61346361480594,200.52499352999453,200.52499352999453,188.9691435300433,188.9691435300433,188.9691435300433,107.96022334982854,107.96022334982854,107.96022334982854,81.00892018021479,81.00892018021479,81.00892018021479,0.0,0.0,0.0,389.4941370600378
2014-02-04,201.4679878521181,315.8262656248881,453.3855917554738,201.4679878521181,201.4679878521181,182.70249067728176,182.70249067728176,182.70249067728176,105.19584429246196,105.19584429246196,105.19584429246196,77.50664638481982,77.50664638481982,77.50664638481982,0.0,0.0,0.0,384.1704785293999
2014-02-05,202.4109821742418,295.71892631317877,427.8570100420149,202.4109821742418,202.4109821742418,156.70677777977923,156.70677777977923,156.70677777977923,82.90704445192036,82.90704445192036,82.90704445192036,73.79973332785889,73.79973332785889,73.79973332785889,0.0,0.0,0.0,359.11775995402104
2014-02-06,203.3539764963654,294.48449314273415,431.45359771264015,203.3539764963654,203.3539764963654,159.4905574341941,159.4905574341941,159.4905574341941,89.54550811790973,89.54550811790973,89.54550811790973,69.94504931628438,69.94504931628438,69.94504931628438,0.0,0.0,0.0,362.84453393055946
2014-02-07,204.2969708184891,268.20325449707036,405.2730967175513,204.2969708184891,204.2969708184891,130.13388868110374,130.13388868110374,130.13388868110374,64.13563913276386,64.13563913276386,64.13563913276386,65.99824954833986,65.99824954833986,65.99824954833986,0.0,0.0,0.0,334.4308594995928
2014-02-08,205.23996514061267,-27.702269191908314,108.78096929898655,205.23996514061267,205.23996514061267,-163.76972295559142,-163.76972295559142,-163.76972295559142,-225.78224437568286,-225.78224437568286,-225.78224437568286,62.01252142009144,62.01252142009144,62.01252142009144,0.0,0.0,0.0,41.47024218502125
2014-02-09,206.18295946273636,-22.303640727746696,108.66664417250152,206.18295946273636,206.18295946273636,-165.92457658474456,-165.92457658474456,-165.92457658474456,-223.96201496910666,-223.96201496910666,-223.96201496910666,58.037438384362076,58.037438384362076,58.037438384362076,0.0,0.0,0.0,40.25838287799181
2014-02-10,207.12595378485995,303.2150589093876,437.4022609483468,207.12595378485995,207.12595378485995,162.07817374584508,162.07817374584508,162.07817374584508,107.96022335003397,107.96022335003397,107.96022335003397,54.11795039581111,54.11795039581111,54.11795039581111,0.0,0.0,0.0,369.204127530705
2014-02-11,208.06894810698364,295.08726267263427,429.30983366925943,208.06894810698364,208.06894810698364,155.48937889427697,155.48937889427697,155.48937889427697,105.19584429262473,105.19584429262473,105.19584429262473,50.29353460165222,50.29353460165222,50.29353460165222,0.0,0.0,0.0,363.55832700126064
2014-02-12,209.01194242910722,272.8210558693334,407.0856538689492,209.01194242910722,209.01194242910722,129.5045694189398,129.5045694189398,129.5045694189398,82.90704445189964,82.90704445189964,82.90704445189964,46.597524967040194,46.597524967040194,46.597524967040194,0.0,0.0,0.0,338.516511848047
2014-02-13,209.95493675123092,272.5278813847744,412.18657983845765,209.95493675123092,209.95493675123092,132.60214222672752,132.60214222672752,132.60214222672752,89.54550811784698,89.54550811784698,89.54550811784698,43.056634108880544,43.056634108880544,43.056634108880544,0.0,0.0,0.0,342.55707897795844
2014-02-14,210.8979310733545,252.8420603975731,378.40002562063944,210.8979310733545,210.8979310733545,103.82631404938648,103.82631404938648,103.82631404938648,64.13563913323074,64.13563913323074,64.13563913323074,39.69067491615572,39.69067491615572,39.69067491615572,0.0,0.0,0.0,314.72424512274097
2014-02-15,211.8409253954782,-44.00917642987729,90.72244462274188,211.8409253954782,211.8409253954782,-189.26976064724462,-189.26976064724462,-189.26976064724462,-225.7822443757801,-225.7822443757801,-225.7822443757801,36.51248372853547,36.51248372853547,36.51248372853547,0.0,0.0,0.0,22.57116474823357
2014-02-16,212.78391971760178,-44.80553500854211,88.384711388705,212.78391971760178,212.78391971760178,-190.43397387047827,-190.43397387047827,-190.43397387047827,-223.9620149692418,-223.9620149692418,-223.9620149692418,33.52804109876352,33.52804109876352,33.52804109876352,0.0,0.0,0.0,22.349945847123507
2014-02-17,213.72691403972547,282.78493831074087,416.3691687343709,213.72691403972547,213.72691403972547,138.69700399359525,138.69700399359525,138.69700399359525,107.9602233496165,107.9602233496165,107.9602233496165,30.736780643978747,30.736780643978747,30.736780643978747,0.0,0.0,0.0,352.4239180333207
2014-02-18,214.66990836184905,285.2079190034347,414.5291108707357,214.66990836184905,214.66990836184905,133.32791564729442,133.32791564729442,133.32791564729442,105.19584429254373,105.19584429254373,105.19584429254373,28.13207135475071,28.13207135475071,28.13207135475071,0.0,0.0,0.0,347.99782400914347
2014-02-19,215.61290268397278,259.8492317642956,392.7691034028991,215.61290268397278,215.61290268397278,108.60889857345258,108.60889857345258,108.60889857345258,82.90704445187889,82.90704445187889,82.90704445187889,25.701854121573692,25.701854121573692,25.701854121573692,0.0,0.0,0.0,324.22180125742534
2014-02-20,216.55589700609647,263.41083793406233,398.7104904114925,216.55589700609647,216.55589700609647,112.97491740047711,112.97491740047711,112.97491740047711,89.54550811808761,89.54550811808761,89.54550811808761,23.42940928238949,23.42940928238949,23.42940928238949,0.0,0.0,0.0,329.5308144065736
2014-02-21,217.49889132822005,235.7629899628071,370.35217630563614,217.49889132822005,217.49889132822005,85.42986793024076,85.42986793024076,85.42986793024076,64.13563913325774,64.13563913325774,64.13563913325774,21.294228796983035,21.294228796983035,21.294228796983035,0.0,0.0,0.0,302.9287592584608
2014-02-22,218.44188565034375,-55.891104206699374,86.46656008251932,218.44188565034375,218.44188565034375,-206.509280081809,-206.509280081809,-206.509280081809,-225.78224437570086,-225.78224437570086,-225.78224437570086,19.272964293891853,19.272964293891853,19.272964293891853,0.0,0.0,0.0,11.93260556853474
2014-02-23,219.38487997246733,-53.25999918125047,79.34852184948231,219.38487997246733,219.38487997246733,-206.62159419976294,-206.62159419976294,-206.62159419976294,-223.96201496911777,-223.96201496911777,-223.96201496911777,17.34042076935483,17.34042076935483,17.34042076935483,0.0,0.0,0.0,12.763285772704393
2014-02-24,220.32787429459103,279.46847634980986,406.3135233406575,220.32787429459103,220.32787429459103,123.43078851982354,123.43078851982354,123.43078851982354,107.96022334966858,107.96022334966858,107.96022334966858,15.470565170154963,15.470565170154963,15.470565170154963,0.0,0.0,0.0,343.75866281441455
2014-02-25,221.2708686167146,274.884999700272,403.04648014781037,221.2708686167146,221.2708686167146,118.83336375660994,118.83336375660994,118.83336375660994,105.19584429251816,105.19584429251816,105.19584429251816,13.637519464091776,13.637519464091776,13.637519464091776,0.0,0.0,0.0,340.1042323733245
2014-02-26,222.2138629388383,253.8910800979389,380.5726615397982,222.2138629388383,222.2138629388383,94.72355351589357,94.72355351589357,94.72355351589357,82.90704445185817,82.90704445185817,82.90704445185817,11.81650906403541,11.81650906403541,11.81650906403541,0.0,0.0,0.0,316.9374164547319
2014-02-27,223.15685726096189,256.99500153397094,388.76568993681104,223.15685726096189,223.15685726096189,99.53024768702305,99.53024768702305,99.53024768702305,89.54550811787503,89.54550811787503,89.54550811787503,9.984739569148017,9.984739569148017,9.984739569148017,0.0,0.0,0.0,322.68710494798495
2014-02-28,224.09985158308558,231.45464397316016,358.2572297261423,224.09985158308558,224.09985158308558,72.2578167751346,72.2578167751346,72.2578167751346,64.13563913325825,64.13563913325825,64.13563913325825,8.12217764187633,8.12217764187633,8.12217764187633,0.0,0.0,0.0,296.35766835822017
2014-03-01,225.04284590520916,-61.497260876252525,69.02131270941905,225.04284590520916,225.04284590520916,-219.5700290250897,-219.5700290250897,-219.5700290250897,-225.7822443757981,-225.7822443757981,-225.7822443757981,6.2122153507084,6.2122153507084,6.2122153507084,0.0,0.0,0.0,5.472816880119467
2014-03-02,225.98584022733286,-65.56263668748345,71.70584393164808,225.98584022733286,225.98584022733286,-219.71981361034082,-219.71981361034082,-219.71981361034082,-223.9620149689937,-223.9620149689937,-223.9620149689937,4.242201358652891,4.242201358652891,4.242201358652891,0.0,0.0,0.0,6.266026616992036
2014-03-03,226.92883454945644,274.67579523712993,410.59854730776715,226.92883454945644,226.92883454945644,110.16405014250371,110.16405014250371,110.16405014250371,107.9602233497111,107.9602233497111,107.9602233497111,2.2038267927926007,2.2038267927926007,2.2038267927926007,0.0,0.0,0.0,337.09288469196014
2014-03-04,227.87182887158014,269.6717809088724,399.52135539318925,227.87182887158014,227.87182887158014,105.28920264124535,105.28920264124535,105.28920264124535,105.19584429257004,105.19584429257004,105.19584429257004,0.09335834867530597,0.09335834867530597,0.09335834867530597,0.0,0.0,0.0,333.1610315128255
2014-03-05,228.81482319370372,239.81613141739265,378.7141152237423,228.81482319370372,228.81482319370372,80.81876046816788,80.81876046816788,80.81876046816788,82.90704445191444,82.90704445191444,82.90704445191444,-2.088283983746567,-2.088283983746567,-2.088283983746567,0.0,0.0,0.0,309.6335836618716
2014-03-06,229.7578175158274,248.3850950658596,377.13393737059107,229.7578175158274,229.7578175158274,85.20990573051819,85.20990573051819,85.20990573051819,89.54550811796398,89.54550811796398,89.54550811796398,-4.335602387445791,-4.335602387445791,-4.335602387445791,0.0,0.0,0.0,314.9677232463456
2014-03-07,230.700811837951,226.31251468892825,352.6131077554749,230.700811837951,230.700811837951,57.4968960578234,57.4968960578234,57.4968960578234,64.13563913303882,64.13563913303882,64.13563913303882,-6.638743075215427,-6.638743075215427,-6.638743075215427,0.0,0.0,0.0,288.1977078957744
2014-03-08,231.6438061600747,-67.22208326471669,60.555783012018935,231.6438061600747,231.6438061600747,-234.766097808473,-234.766097808473,-234.766097808473,-225.78224437613994,-225.78224437613994,-225.78224437613994,-8.983853432333078,-8.983853432333078,-8.983853432333078,0.0,0.0,0.0,-3.122291648398317
2014-03-09,232.58680048219827,-67.13018464027887,63.43620731998628,232.58680048219827,232.58680048219827,-235.31557445157864,-235.31557445157864,-235.31557445157864,-223.96201496886965,-223.96201496886965,-223.96201496886965,-11.353559482708977,-11.353559482708977,-11.353559482708977,0.0,0.0,0.0,-2.72877396938037
2014-03-10,233.52979480432197,259.34364740004963,399.1291975718897,233.52979480432197,233.52979480432197,94.23267793712319,94.23267793712319,94.23267793712319,107.96022334944693,107.96022334944693,107.96022334944693,-13.727545412323762,-13.727545412323762,-13.727545412323762,0.0,0.0,0.0,327.76247274144515
2014-03-11,234.4727891264457,248.7739292654205,389.9734763752995,234.4727891264457,234.4727891264457,89.1126300710809,89.1126300710809,89.1126300710809,105.19584429254446,105.19584429254446,105.19584429254446,-16.083214221463564,-16.083214221463564,-16.083214221463564,0.0,0.0,0.0,323.58541919752656
2014-03-12,235.41578344856927,234.1220564736086,369.79998136927173,235.41578344856927,235.41578344856927,64.51063782366636,64.51063782366636,64.51063782366636,82.90704445189374,82.90704445189374,82.90704445189374,-18.39640662822739,-18.39640662822739,-18.39640662822739,0.0,0.0,0.0,299.92642127223564
2014-03-13,236.35877777069297,237.47074926208316,374.93569430416085,236.35877777069297,236.35877777069297,68.90335396281048,68.90335396281048,68.90335396281048,89.54550811790311,89.54550811790311,89.54550811790311,-20.642154155092616,-20.642154155092616,-20.642154155092616,0.0,0.0,0.0,305.26213173350345
2014-03-14,237.30177209281655,216.26166804015472,345.8594640454678,237.30177209281655,237.30177209281655,41.34019721425687,41.34019721425687,41.34019721425687,64.1356391328194,64.1356391328194,64.1356391328194,-22.79544191856253,-22.79544191856253,-22.79544191856253,0.0,0.0,0.0,278.6419693070734
2014-03-15,238.24476641494024,-79.0555030497227,55.71354192847532,238.24476641494024,238.24476641494024,-250.61420138311,-250.61420138311,-250.61420138311,-225.78224437557148,-225.78224437557148,-225.78224437557148,-24.83195700753851,-24.83195700753851,-24.83195700753851,0.0,0.0,0.0,-12.369434968169742
2014-03-16,239.18776073706383,-75.94642555236749,56.56875481552935,239.18776073706383,239.18776073706383,-250.69081441881272,-250.69081441881272,-250.69081441881272,-223.96201496900477,-223.96201496900477,-223.96201496900477,-26.72879944980794,-26.72879944980794,-26.72879944980794,0.0,0.0,0.0,-11.503053681748895
2014-03-17,240.13075505918752,253.9119894011804,380.3294931895369,240.13075505918752,240.13075505918752,79.495088770925,79.495088770925,79.495088770925,107.96022334949903,107.96022334949903,107.96022334949903,-28.465134578574038,-28.465134578574038,-28.465134578574038,0.0,0.0,0.0,319.6258438301125
2014-03-18,241.0737493813111,247.37406286083473,385.1798727961731,241.0737493813111,241.0737493813111,75.17307624236877,75.17307624236877,75.17307624236877,105.19584429246345,105.19584429246345,105.19584429246345,-30.022768050094676,-30.022768050094676,-30.022768050094676,0.0,0.0,0.0,316.24682562367985
2014-03-19,242.0167437034348,224.85500936847345,363.03508892466687,242.0167437034348,242.0167437034348,51.52041671294833,51.52041671294833,51.52041671294833,82.90704445192641,82.90704445192641,82.90704445192641,-31.38662773897808,-31.38662773897808,-31.38662773897808,0.0,0.0,0.0,293.53716041638313
2014-03-20,242.95973802555838,234.66208946254773,368.3562116110093,242.95973802555838,242.95973802555838,57.00036797344998,57.00036797344998,57.00036797344998,89.54550811784222,89.54550811784222,89.54550811784222,-32.54514014439224,-32.54514014439224,-32.54514014439224,0.0,0.0,0.0,299.96010599900836
2014-03-21,243.90273234768208,206.52698844337695,340.26876871219747,243.90273234768208,243.90273234768208,30.645146473172044,30.645146473172044,30.645146473172044,64.13563913306635,64.13563913306635,64.13563913306635,-33.49049265989431,-33.49049265989431,-33.49049265989431,0.0,0.0,0.0,274.5478788208541
2014-03-22,244.84572666980566,-79.32855523536573,56.74516829076679,244.84572666980566,244.84572666980566,-260.00102134298584,-260.00102134298584,-260.00102134298584,-225.78224437591328,-225.78224437591328,-225.78224437591328,-34.218776967072564,-34.218776967072564,-34.218776967072564,0.0,0.0,0.0,-15.15529467318018
2014-03-23,245.78872099192935,-72.48560076750412,53.43943026556606,245.78872099192935,245.78872099192935,-258.69202774775096,-258.69202774775096,-258.69202774775096,-223.96201496888074,-223.96201496888074,-223.96201496888074,-34.73001277887024,-34.73001277887024,-34.73001277887024,0.0,0.0,0.0,-12.903306755821603
2014-03-24,246.73171531405293,253.61071699358996,387.67973189038435,246.73171531405293,246.73171531405293,72.93216829689688,72.93216829689688,72.93216829689688,107.96022334955113,107.96022334955113,107.96022334955113,-35.02805505265425,-35.02805505265425,-35.02805505265425,0.0,0.0,0.0,319.6638836109498
2014-03-25,247.67470963617663,252.45117025942832,386.37897840436335,247.67470963617663,247.67470963617663,70.0754528003539,70.0754528003539,70.0754528003539,105.19584429238243,105.19584429238243,105.19584429238243,-35.12039149202854,-35.12039149202854,-35.12039149202854,0.0,0.0,0.0,317.75016243653056
2014-03-26,248.6177039583002,224.70584793477988,362.2509919888639,248.6177039583002,248.6177039583002,47.88920390963947,47.88920390963947,47.88920390963947,82.90704445187585,82.90704445187585,82.90704445187585,-35.01784054223638,-35.01784054223638,-35.01784054223638,0.0,0.0,0.0,296.5069078679397
2014-03-27,249.5606982804239,237.78672637126354,372.3675078003818,249.5606982804239,249.5606982804239,54.811345064727455,54.811345064727455,54.811345064727455,89.54550811793115,89.54550811793115,89.54550811793115,-34.734163053203716,-34.734163053203716,-34.734163053203716,0.0,0.0,0.0,304.3720433451514
2014-03-28,250.5036926025475,211.73410784478637,346.56085774505783,250.5036926025475,250.5036926025475,29.850035886237162,29.850035886237162,29.850035886237162,64.13563913306686,64.13563913306686,64.13563913306686,-34.285603246829695,-34.285603246829695,-34.285603246829695,0.0,0.0,0.0,280.35372848878467
2014-03-29,251.44668692467118,-75.03445304593406,56.30748375171504,251.44668692467118,251.44668692467118,-259.47262088590713,-259.47262088590713,-259.47262088590713,-225.7822443760105,-225.7822443760105,-225.7822443760105,-33.69037650989659,-33.69037650989659,-33.69037650989659,0.0,0.0,0.0,-8.02593396123595
2014-03-30,252.38968124679477,-73.5410009345728,62.93650627126052,252.38968124679477,252.38968124679477,-256.93013775801364,-256.93013775801364,-256.93013775801364,-223.9620149692367,-223.9620149692367,-223.9620149692367,-32.96812278877694,-32.96812278877694,-32.96812278877694,0.0,0.0,0.0,-4.540456511218878
2014-03-31,253.33267556891846,260.9487050447128,394.20862438904624,253.33267556891846,253.33267556891846,75.82087839187903,75.82087839187903,75.82087839187903,107.96022334928699,107.96022334928699,107.96022334928699,-32.13934495740797,-32.13934495740797,-32.13934495740797,0.0,0.0,0.0,329.15355396079747
2014-04-01,254.27566989104218,266.3881030654679,393.5585544171912,254.27566989104218,254.27566989104218,73.97099283518145,73.97099283518145,73.97099283518145,105.19584429248978,105.19584429248978,105.19584429248978,-31.224851457308333,-31.224851457308333,-31.224851457308333,0.0,0.0,0.0,328.24666272622363
2014-04-02,255.21866421316577,241.59326645295332,374.66862335639973,255.21866421316577,255.21866421316577,52.6618226699934,52.6618226699934,52.6618226699934,82.90704445190855,82.90704445190855,82.90704445190855,-30.245221781915152,-30.245221781915152,-30.245221781915152,0.0,0.0,0.0,307.88048688315916
2014-04-03,256.16165853528946,244.61638095026814,383.04198564621043,256.16165853528946,256.16165853528946,60.32519608508852,60.32519608508852,60.32519608508852,89.54550811802011,89.54550811802011,89.54550811802011,-29.22031203293159,-29.22031203293159,-29.22031203293159,0.0,0.0,0.0,316.486854620378
2014-04-04,257.10465285741304,226.2587114183889,364.66018910496575,257.10465285741304,257.10465285741304,35.9668232642957,35.9668232642957,35.9668232642957,64.13563913306737,64.13563913306737,64.13563913306737,-28.16881586877167,-28.16881586877167,-28.16881586877167,0.0,0.0,0.0,293.07147612170877
2014-04-05,258.04764717953674,-64.5936899093472,76.12816341296507,258.04764717953674,258.04764717953674,-252.89013814561844,-252.89013814561844,-252.89013814561844,-225.7822443761078,-225.7822443761078,-225.7822443761078,-27.107893769510635,-27.107893769510635,-27.107893769510635,0.0,0.0,0.0,5.157509033918302
2014-04-06,258.9906415016603,-60.432637890977446,69.03241671187054,258.989158652225,258.9906415016603,-250.0148957159895,-250.0148957159895,-250.0148957159895,-223.9620149698135,-223.9620149698135,-223.9620149698135,-26.052880746176008,-26.052880746176008,-26.052880746176008,0.0,0.0,0.0,8.975745785670824
2014-04-07,259.933635823784,280.44916155937887,413.8212556827631,259.91360512830107,259.933635823784,82.94314382123278,82.94314382123278,82.94314382123278,107.96022334949242,107.96022334949242,107.96022334949242,-25.01707952825964,-25.01707952825964,-25.01707952825964,0.0,0.0,0.0,342.87677964501677
2014-04-08,260.8766301459076,272.6938444374261,408.62119784974084,260.841094033437,260.8766301459076,81.18420131118943,81.18420131118943,81.18420131118943,105.19584429246417,105.19584429246417,105.19584429246417,-24.01164298127474,-24.01164298127474,-24.01164298127474,0.0,0.0,0.0,342.06083145709704
2014-04-09,261.8196244680313,254.53870832433785,383.54029558457955,261.76062344079253,261.819692370834,59.861498300162914,59.861498300162914,59.861498300162914,82.90704445188786,82.90704445188786,82.90704445188786,-23.04554615172494,-23.04554615172494,-23.04554615172494,0.0,0.0,0.0,321.6811227681942
2014-04-10,262.7626187901549,263.2914608705637,399.8758055712312,262.6798162921589,262.77384249160116,67.41986309043884,67.41986309043884,67.41986309043884,89.54550811795733,89.54550811795733,89.54550811795733,-22.12564502751849,-22.12564502751849,-22.12564502751849,0.0,0.0,0.0,330.18248188059374
2014-04-11,263.70561311227857,242.66000153429567,374.195375810261,263.60378744849453,263.7262518489921,42.878823181706736,42.878823181706736,42.878823181706736,64.13563913331431,64.13563913331431,64.13563913331431,-21.256815951607567,-21.256815951607567,-21.256815951607567,0.0,0.0,0.0,306.5844362939853
2014-04-12,264.64860743440215,-56.27960350434374,87.1168571675113,264.51597076828426,264.69866649918885,-246.22441111927574,-246.22441111927574,-246.22441111927574,-225.7822443757839,-225.7822443757839,-225.7822443757839,-20.442166743491832,-20.442166743491832,-20.442166743491832,0.0,0.0,0.0,18.42419631512641
2014-04-13,265.59160175652585,-43.51105099085956,90.42201934077418,265.4397569401486,265.6796756823489,-243.64532303494286,-243.64532303494286,-243.64532303494286,-223.96201496946864,-223.96201496946864,-223.96201496946864,-19.683308065474215,-19.683308065474215,-19.683308065474215,0.0,0.0,0.0,21.946278721582985
2014-04-14,266.53459607864943,286.76248310948023,421.6731134598666,266.368877579602,266.6491164441542,88.97955184663293,88.97955184663293,88.97955184663293,107.96022334969788,107.96022334969788,107.96022334969788,-18.980671503064944,-18.980671503064944,-18.980671503064944,0.0,0.0,0.0,355.5141479252824
2014-04-15,267.4775904007731,286.0884673853788,418.66997714977083,267.2550523106514,267.62759843362113,86.8619850115302,86.8619850115302,86.8619850115302,105.19584429243862,105.19584429243862,105.19584429243862,-18.333859280908428,-18.333859280908428,-18.333859280908428,0.0,0.0,0.0,354.3395754123033
2014-04-16,268.4205847228967,265.61816542267235,396.00124920067736,268.15336603810454,268.59518636971717,65.16503489482331,65.16503489482331,65.16503489482331,82.90704445191427,82.90704445191427,82.90704445191427,-17.742009557090977,-17.742009557090977,-17.742009557090977,0.0,0.0,0.0,333.58561961772
2014-04-17,269.3635790450204,274.3160168503067,404.3482848590432,269.0524270355264,269.57207641747317,72.34134725573061,72.34134725573061,72.34134725573061,89.54550811804816,89.54550811804816,89.54550811804816,-17.20416086231756,-17.20416086231756,-17.20416086231756,0.0,0.0,0.0,341.704926300751
2014-04-18,270.306573367144,251.0085475696917,383.138545964857,269.9581710261162,270.5529007425909,47.416039648841306,47.416039648841306,47.416039648841306,64.1356391330949,64.1356391330949,64.1356391330949,-16.719599484253585,-16.719599484253585,-16.719599484253585,0.0,0.0,0.0,317.7226130159853
2014-04-19,271.2495676892677,-36.57088328016434,94.27986657210292,270.834082063172,271.5620776755229,-242.07041880886132,-242.07041880886132,-242.07041880886132,-225.78224437612573,-225.78224437612573,-225.78224437612573,-16.288174432735563,-16.288174432735563,-16.288174432735563,0.0,0.0,0.0,29.17914888040636
2014-04-20,272.19256201139126,-32.71791336891482,97.46738153916425,271.7296634602547,272.54925937136204,-239.87258099430542,-239.87258099430542,-239.87258099430542,-223.9620149693446,-223.9620149693446,-223.9620149693446,-15.910566024960803,-15.910566024960803,-15.910566024960803,0.0,0.0,0.0,32.31998101708584
2014-04-21,273.13555633351496,297.91825679259284,429.88599981826343,272.6384967239587,273.524862397441,92.3717272980331,92.3717272980331,92.3717272980331,107.96022334974998,107.96022334974998,107.96022334974998,-15.588496051716875,-15.588496051716875,-15.588496051716875,0.0,0.0,0.0,365.50728363154803
2014-04-22,274.07855065563865,300.5492642895171,431.3489709791881,273.54247734728466,274.49613667111026,89.87097443689362,89.87097443689362,89.87097443689362,105.19584429254596,105.19584429254596,105.19584429254596,-15.32486985565233,-15.32486985565233,-15.32486985565233,0.0,0.0,0.0,363.94952509253227
2014-04-23,275.02154497776223,275.0219370578931,410.51701594308963,274.4340801015615,275.4906283729621,67.7832010646786,67.7832010646786,67.7832010646786,82.90704445189355,82.90704445189355,82.90704445189355,-15.123843387214961,-15.123843387214961,-15.123843387214961,0.0,0.0,0.0,342.8047460424408
2014-04-24,275.9645392998859,281.2039474628626,421.8368438080211,275.3181567544886,276.4886412251587,74.55469681287953,74.55469681287953,74.55469681287953,89.54550811798539,89.54550811798539,89.54550811798539,-14.990811305105874,-14.990811305105874,-14.990811305105874,0.0,0.0,0.0,350.51923611276544
2014-04-25,276.9075336220095,257.2805311027695,391.0339041089386,276.20793382248263,277.46502982456366,49.20332378340367,49.20332378340367,49.20332378340367,64.13563913287545,64.13563913287545,64.13563913287545,-14.932315349471784,-14.932315349471784,-14.932315349471784,0.0,0.0,0.0,326.1108574054132
2014-04-26,277.8505279441332,-30.628614294921867,102.68928004466495,277.1042264509671,278.4595556789132,-240.73811980044837,-240.73811980044837,-240.73811980044837,-225.78224437555733,-225.78224437555733,-225.78224437555733,-14.955875424891037,-14.955875424891037,-14.955875424891037,0.0,0.0,0.0,37.11240814368483
2014-04-27,278.7935222662568,-25.68172462691052,104.56334856877213,277.9922309201409,279.4575561287519,-239.03176394197698,-239.03176394197698,-239.03176394197698,-223.96201496947972,-223.96201496947972,-223.96201496947972,-15.069748972497278,-15.069748972497278,-15.069748972497278,0.0,0.0,0.0,39.76175832427981
2014-04-28,279.7365165883805,305.97332772920373,435.2830631752083,278.8806246749782,280.46836088706453,92.6775961776425,92.6775961776425,92.6775961776425,107.96022334963914,107.96022334963914,107.96022334963914,-15.282627171996644,-15.282627171996644,-15.282627171996644,0.0,0.0,0.0,372.414112766023
2014-04-29,280.67951091050406,303.7983889991684,435.5188425638371,279.76841789530636,281.47936944296174,89.59256510254016,89.59256510254016,89.59256510254016,105.19584429246494,105.19584429246494,105.19584429246494,-15.603279189924784,-15.603279189924784,-15.603279189924784,0.0,0.0,0.0,370.2720760130442
2014-04-30,281.62250523262776,282.06520175589526,415.64565947077665,280.6380061457738,282.46523851877674,66.86688647191247,66.86688647191247,66.86688647191247,82.90704445187282,82.90704445187282,82.90704445187282,-16.04015797996035,-16.04015797996035,-16.04015797996035,0.0,0.0,0.0,348.48939170454025
2014-05-01,282.56549955475134,286.7044061685944,426.94799385533906,281.514156335063,283.45495732105394,72.94452515705507,72.94452515705507,72.94452515705507,89.54550811807434,89.54550811807434,89.54550811807434,-16.600982961019266,-16.600982961019266,-16.600982961019266,0.0,0.0,0.0,355.5100247118064
2014-05-02,283.5084938768751,262.8969584223449,396.83628026776523,282.4118027367743,284.46084022711005,46.843322954397394,46.843322954397394,46.843322954397394,64.13563913287595,64.13563913287595,64.13563913287595,-17.292316178478558,-17.292316178478558,-17.292316178478558,0.0,0.0,0.0,330.35181683127246
2014-05-03,284.4514881989986,-26.1739588332777,105.951899073079,283.2890609792654,285.45460457395296,-243.90139361731713,-243.90139361731713,-243.90139361731713,-225.78224437547806,-225.78224437547806,-225.78224437547806,-18.119149241839043,-18.119149241839043,-18.119149241839043,0.0,0.0,0.0,40.55009458168149
2014-05-04,285.39448252112237,-25.01384748872176,106.32638391372956,284.13434710260805,286.44485511901235,-243.0465333661105,-243.0465333661105,-243.0465333661105,-223.96201496935566,-223.96201496935566,-223.96201496935566,-19.084518396754845,-19.084518396754845,-19.084518396754845,0.0,0.0,0.0,42.34794915501186
2014-05-05,286.33747684324595,305.73034439978835,443.18047387413145,285.0144061699545,287.4120635812602,87.7710588300137,87.7710588300137,87.7710588300137,107.96022334969125,107.96022334969125,107.96022334969125,-20.189164519677558,-20.189164519677558,-20.189164519677558,0.0,0.0,0.0,374.10853567325967
2014-05-06,287.28047116536965,305.49470804240303,439.5442440345222,285.90101563192053,288.4079328595011,83.76459066132767,83.76459066132767,83.76459066132767,105.1958442923839,105.1958442923839,105.1958442923839,-21.431253631056226,-21.431253631056226,-21.431253631056226,0.0,0.0,0.0,371.0450618266973
2014-05-07,288.22346548749323,280.31027023695094,414.3226836973766,286.7949840723273,289.42547681107663,60.100872712187645,60.100872712187645,60.100872712187645,82.90704445185212,82.90704445185212,82.90704445185212,-22.806171739664467,-22.806171739664467,-22.806171739664467,0.0,0.0,0.0,348.3243381996809
2014-05-08,289.1664598096169,283.28343580113454,421.291872750663,287.6731540985938,290.4416321538948,65.23910260746896,65.23910260746896,65.23910260746896,89.54550811786176,89.54550811786176,89.54550811786176,-24.306405510392793,-24.306405510392793,-24.306405510392793,0.0,0.0,0.0,354.4055624170859
2014-05-09,290.1094541317405,262.3283722719649,395.53068550037153,288.536279900181,291.4273424799886,38.214121670972716,38.214121670972716,38.214121670972716,64.13563913290298,64.13563913290298,64.13563913290298,-25.921517461930268,-25.921517461930268,-25.921517461930268,0.0,0.0,0.0,328.3235758027132
2014-05-10,291.0524484538642,-29.913869983336838,107.27122043305485,289.4050620444866,292.41422638667314,-253.42046561440412,-253.42046561440412,-253.42046561440412,-225.78224437533063,-225.78224437533063,-225.78224437533063,-27.63822123907347,-27.63822123907347,-27.63822123907347,0.0,0.0,0.0,37.63198283946008
2014-05-11,291.9954427759879,-25.093022805573,102.21810452265665,290.29312795319487,293.4195229524475,-253.40257403831822,-253.40257403831822,-253.40257403831822,-223.96201496923166,-223.96201496923166,-223.96201496923166,-29.440559069086554,-29.440559069086554,-29.440559069086554,0.0,0.0,0.0,38.592868737669676
2014-05-12,292.9384370981115,305.3091731631449,438.2966479734029,291.1707283685318,294.41041731704166,76.65004343303121,76.65004343303121,76.65004343303121,107.96022334989668,107.96022334989668,107.96022334989668,-31.310179916865472,-31.310179916865472,-31.310179916865472,0.0,0.0,0.0,369.5884805311427
2014-05-13,293.8814314202352,300.79536284990763,425.025659832244,292.0003892202092,295.40075090761144,71.96913107177602,71.96913107177602,71.96913107177602,105.19584429267957,105.19584429267957,105.19584429267957,-33.22671322090355,-33.22671322090355,-33.22671322090355,0.0,0.0,0.0,365.8505624920112
2014-05-14,294.82442574235876,273.73616105246094,412.70569086586465,292.8818580140299,296.4121907012291,47.73881490800908,47.73881490800908,47.73881490800908,82.90704445190838,82.90704445190838,82.90704445190838,-35.168229543899294,-35.168229543899294,-35.168229543899294,0.0,0.0,0.0,342.56324065036785
2014-05-15,295.76742006448245,279.56184849087515,417.43725533235363,293.75693292957993,297.4155467745232,52.433731984711315,52.433731984711315,52.433731984711315,89.5455081179507,89.5455081179507,89.5455081179507,-37.11177613323938,-37.11177613323938,-37.11177613323938,0.0,0.0,0.0,348.20115204919375
2014-05-16,296.71041438660603,253.81879396857633,390.9390632553792,294.6264315446401,298.433039681591,25.101666758746926,25.101666758746926,25.101666758746926,64.13563913290346,64.13563913290346,64.13563913290346,-39.03397237415654,-39.03397237415654,-39.03397237415654,0.0,0.0,0.0,321.812081145353
2014-05-17,297.6534087087297,-35.43018524069388,98.89237796097626,295.4648356549308,299.44613996987835,-266.6938919179865,-266.6938919179865,-266.6938919179865,-225.78224437567252,-225.78224437567252,-225.78224437567252,-40.911647542313965,-40.911647542313965,-40.911647542313965,0.0,0.0,0.0,30.959516790743237
2014-05-18,298.5964030308533,-37.054028039518364,100.26863611240927,296.30502340961345,300.45612125448497,-266.68451618793694,-266.68451618793694,-266.68451618793694,-223.9620149691076,-223.9620149691076,-223.9620149691076,-42.72250121882932,-42.72250121882932,-42.72250121882932,0.0,0.0,0.0,31.911886842916374
2014-05-19,299.539397352977,299.3859515558296,429.53076521645266,297.15406277711924,301.4743540513746,63.51445804957597,63.51445804957597,63.51445804957597,107.9602233494792,107.9602233494792,107.9602233494792,-44.44576529990323,-44.44576529990323,-44.44576529990323,0.0,0.0,0.0,363.053855402553
2014-05-20,300.4823916751006,292.08087716285746,423.60471599002256,297.98991974219376,302.4874311927178,59.13299851569306,59.13299851569306,59.13299851569306,105.19584429259855,105.19584429259855,105.19584429259855,-46.0628457769055,-46.0628457769055,-46.0628457769055,0.0,0.0,0.0,359.6153901907936
2014-05-21,301.4253859972243,271.3097106126584,404.5938120012118,298.84874770917776,303.4795978580135,35.34912203026669,35.34912203026669,35.34912203026669,82.90704445183422,82.90704445183422,82.90704445183422,-47.55792242156754,-47.55792242156754,-47.55792242156754,0.0,0.0,0.0,336.774508027491
2014-05-22,302.36838031934786,276.4370122491177,410.1355562347316,299.7136570821695,304.52668654982494,40.627022917335275,40.627022917335275,40.627022917335275,89.54550811803962,89.54550811803962,89.54550811803962,-48.91848520070436,-48.91848520070436,-48.91848520070436,0.0,0.0,0.0,342.99540323668316
2014-05-23,303.31137464147156,246.72650921101103,384.39549354980636,300.58027292512503,305.54554451811515,13.999851470599097,13.999851470599097,13.999851470599097,64.13563913268405,64.13563913268405,64.13563913268405,-50.13578766208495,-50.13578766208495,-50.13578766208495,0.0,0.0,0.0,317.31122611207064
2014-05-24,304.25436896359514,-40.89821037665736,90.36642999675388,301.42101160141414,306.5304330254125,-276.98744401933135,-276.98744401933135,-276.98744401933135,-225.78224437559328,-225.78224437559328,-225.78224437559328,-51.20519964373808,-51.20519964373808,-51.20519964373808,0.0,0.0,0.0,27.266924944263792
2014-05-25,305.19736328571884,-36.5329072377673,91.87784306431426,302.28663500006655,307.56321051089867,-276.0884593817326,-276.0884593817326,-276.0884593817326,-223.96201496924272,-223.96201496924272,-223.96201496924272,-52.126444412489874,-52.126444412489874,-52.126444412489874,0.0,0.0,0.0,29.10890390398623
2014-05-26,306.1403576078424,296.307627391061,425.99727450028877,303.11358745692183,308.59774916992666,55.05651469322457,55.05651469322457,55.05651469322457,107.96022334968461,107.96022334968461,107.96022334968461,-52.90370865646003,-52.90370865646003,-52.90370865646003,0.0,0.0,0.0,361.196872301067
2014-05-27,307.0833519299661,290.46628934407255,422.0881999602873,303.9610398508172,309.62143926988705,51.650226748301705,51.650226748301705,51.650226748301705,105.195844292573,105.195844292573,105.195844292573,-53.54561754427129,-53.54561754427129,-53.54561754427129,0.0,0.0,0.0,358.7335786782678
2014-05-28,308.0263462520897,263.3042238183626,402.96780780727175,304.8253027477452,310.6432637828379,28.841973241411,28.841973241411,28.841973241411,82.90704445186694,82.90704445186694,82.90704445186694,-54.06507121045594,-54.06507121045594,-54.06507121045594,0.0,0.0,0.0,336.8683194935007
2014-05-29,308.9693405742134,276.2838736856552,411.9714939800782,305.7324701302651,311.6601031851828,35.06656471650499,35.06656471650499,35.06656471650499,89.54550811812855,89.54550811812855,89.54550811812855,-54.47894340162357,-54.47894340162357,-54.47894340162357,0.0,0.0,0.0,344.0359052907184
2014-05-30,309.912334896337,251.4662850677221,382.2324780214123,306.6088869477133,312.6730504844486,9.327991644936995,9.327991644936995,9.327991644936995,64.13563913339738,64.13563913339738,64.13563913339738,-54.807647488460375,-54.807647488460375,-54.807647488460375,0.0,0.0,0.0,319.240326541274
2014-05-31,310.85532921846067,-33.09621730675838,92.71687883927841,307.44560291352497,313.65820398883153,-280.8568238437039,-280.8568238437039,-280.8568238437039,-225.7822443756905,-225.7822443756905,-225.7822443756905,-55.074579468013404,-55.074579468013404,-55.074579468013404,0.0,0.0,0.0,29.998505374756746
2014-06-01,311.79832354058436,-34.887846174263615,99.10491673642314,308.24522214184935,314.6512046343346,-279.2674667787754,-279.2674667787754,-279.2674667787754,-223.96201496933955,-223.96201496933955,-223.96201496933955,-55.30545180943578,-55.30545180943578,-55.30545180943578,0.0,0.0,0.0,32.53085676180899
2014-06-02,312.74131786270794,299.3400818795071,430.52605718908245,309.05464646548376,315.6590961261361,52.43268746080073,52.43268746080073,52.43268746080073,107.96022334989003,107.96022334989003,107.96022334989003,-55.527535889089314,-55.527535889089314,-55.527535889089314,0.0,0.0,0.0,365.17400532350865
2014-06-03,313.68431218483164,294.88336406412844,426.5425605268117,309.8677562862553,316.6468206736785,49.427010103031364,49.427010103031364,49.427010103031364,105.19584429243652,105.19584429243652,105.19584429243652,-55.76883418940517,-55.76883418940517,-55.76883418940517,0.0,0.0,0.0,363.111322287863
2014-06-04,314.6273065069552,273.64739457802074,409.5413170274611,310.7434046738814,317.6754823960464,26.84983817671885,26.84983817671885,26.84983817671885,82.90704445192321,82.90704445192321,82.90704445192321,-56.05720627520437,-56.05720627520437,-56.05720627520437,0.0,0.0,0.0,341.47714468367406
2014-06-05,315.5703008290789,285.7811601938029,416.5225871188616,311.61552223700403,318.7169233406794,33.12603340746829,33.12603340746829,33.12603340746829,89.54550811791599,89.54550811791599,89.54550811791599,-56.419474710447695,-56.419474710447695,-56.419474710447695,0.0,0.0,0.0,348.6963342365472
2014-06-06,316.5132951512025,254.91132235594176,385.32576888455384,312.46390759831223,319.73423257252693,7.255100683055291,7.255100683055291,7.255100683055291,64.13563913317795,64.13563913317795,64.13563913317795,-56.88053845012266,-56.88053845012266,-56.88053845012266,0.0,0.0,0.0,323.7683958342578
2014-06-07,317.4562894733262,-29.48709032016527,104.48707035698617,313.3193687947034,320.74164840313784,-283.24476615199484,-283.24476615199484,-283.24476615199484,-225.78224437603237,-225.78224437603237,-225.78224437603237,-57.462521775962514,-57.462521775962514,-57.462521775962514,0.0,0.0,0.0,34.211523321331356
2014-06-08,318.3992837954498,-26.48975565385368,106.08894864133156,314.15861775580413,321.7378854081712,-282.1460014728956,-282.1460014728956,-282.1460014728956,-223.96201496899465,-223.96201496899465,-223.96201496899465,-58.183986503900975,-58.183986503900975,-58.183986503900975,0.0,0.0,0.0,36.253282322554185
2014-06-09,319.34227811757347,298.8887749805944,431.7848304409506,315.0152647112338,322.75844893184495,48.90098938407015,48.90098938407015,48.90098938407015,107.96022334930963,107.96022334930963,107.96022334930963,-59.05923396523949,-59.05923396523949,-59.05923396523949,0.0,0.0,0.0,368.24326750164363
2014-06-10,320.28527243969705,301.31696739036573,432.1329959817848,315.8463418291983,323.75994940584474,45.09812312093536,45.09812312093536,45.09812312093536,105.19584429259929,105.19584429259929,105.19584429259929,-60.09772117166392,-60.09772117166392,-60.09772117166392,0.0,0.0,0.0,365.38339556063244
2014-06-11,321.22826676182075,271.08873116191745,407.1741384845841,316.6648322504549,324.7589737708356,21.603431791821624,21.603431791821624,21.603431791821624,82.9070444519025,82.9070444519025,82.9070444519025,-61.30361266008086,-61.30361266008086,-61.30361266008086,0.0,0.0,0.0,342.83169855364235
2014-06-12,322.17126108394433,283.83098694414065,415.10495176887565,317.504260587945,325.7561814839152,26.870022266599534,26.870022266599534,26.870022266599534,89.54550811815663,89.54550811815663,89.54550811815663,-62.6754858515571,-62.6754858515571,-62.6754858515571,0.0,0.0,0.0,349.04128335054384
2014-06-13,323.1142554060681,256.3118891407519,388.24201748635403,318.3728383908087,326.7825980892963,-0.07056431038719,-0.07056431038719,-0.07056431038719,64.1356391329585,64.1356391329585,64.1356391329585,-64.20620344334569,-64.20620344334569,-64.20620344334569,0.0,0.0,0.0,323.0436910956809
2014-06-14,324.0572497281916,-33.53791827763478,99.82789767710698,319.2491267085632,327.8175874400186,-291.6652058831678,-291.6652058831678,-291.6652058831678,-225.78224437588497,-225.78224437588497,-225.78224437588497,-65.8829615072828,-65.8829615072828,-65.8829615072828,0.0,0.0,0.0,32.39204384502381
2014-06-15,325.00024405031536,-42.29184979106864,104.93570084368801,320.1076766597582,328.85257679074107,-291.6495316965452,-291.6495316965452,-291.6495316965452,-223.96201496912977,-223.96201496912977,-223.96201496912977,-67.68751672741544,-67.68751672741544,-67.68751672741544,0.0,0.0,0.0,33.35071235377018
2014-06-16,325.94323837243894,299.2662665010143,433.7513573738131,320.97218647907806,329.8818790898732,38.363632619102674,38.363632619102674,38.363632619102674,107.96022334936174,107.96022334936174,107.96022334936174,-69.59659073025907,-69.59659073025907,-69.59659073025907,0.0,0.0,0.0,364.3068709915416
2014-06-17,326.88623269456264,294.2713168099628,424.2651846747977,321.79065160165123,330.9262829330538,33.61340038581985,33.61340038581985,33.61340038581985,105.19584429251829,105.19584429251829,105.19584429251829,-71.58244390669843,-71.58244390669843,-71.58244390669843,0.0,0.0,0.0,360.49963308038247
2014-06-18,327.8292270166862,269.41555660956016,402.419071981508,322.6159636839112,331.9514471394717,9.293438786500149,9.293438786500149,9.293438786500149,82.90704445193518,82.90704445193518,82.90704445193518,-73.61360566543503,-73.61360566543503,-73.61360566543503,0.0,0.0,0.0,337.12266580318635
2014-06-19,328.7722213388099,269.28623065652164,402.01651475051136,323.4940953263245,332.96761895397685,13.88976525253103,13.88976525253103,13.88976525253103,89.54550811809385,89.54550811809385,89.54550811809385,-75.65574286556283,-75.65574286556283,-75.65574286556283,0.0,0.0,0.0,342.66198659134096
2014-06-20,329.7152156609335,251.12698610623073,387.4243802379123,324.3589345477984,333.9931213331703,-13.537004283376444,-13.537004283376444,-13.537004283376444,64.13563913320546,64.13563913320546,64.13563913320546,-77.67264341658189,-77.67264341658189,-77.67264341658189,0.0,0.0,0.0,316.17821137755703
2014-06-21,330.6582099830572,-39.9539100679754,92.72767000171167,325.24511405377484,335.019969566042,-305.4095322405454,-305.4095322405454,-305.4095322405454,-225.78224437580573,-225.78224437580573,-225.78224437580573,-79.62728786473964,-79.62728786473964,-79.62728786473964,0.0,0.0,0.0,25.248677742511802
2014-06-22,331.6012043051809,-37.05150145959113,93.35605845327194,326.0757613179398,336.0352338862963,-305.44499331592175,-305.44499331592175,-305.44499331592175,-223.96201496900576,-223.96201496900576,-223.96201496900576,-81.48297834691601,-81.48297834691601,-81.48297834691601,0.0,0.0,0.0,26.156210989259137
2014-06-23,332.54419862730447,291.02573870878507,424.61016192827776,326.90426772644804,337.032306211997,24.75573163940292,24.75573163940292,24.75573163940292,107.96022334956716,107.96022334956716,107.96022334956716,-83.20449171016425,-83.20449171016425,-83.20449171016425,0.0,0.0,0.0,357.2999302667074
2014-06-24,333.48719294942816,287.72308642113444,417.0341282635008,327.7568106906201,338.07307431294146,20.436622327338796,20.436622327338796,20.436622327338796,105.19584429243726,105.19584429243726,105.19584429243726,-84.75922196509846,-84.75922196509846,-84.75922196509846,0.0,0.0,0.0,353.92381527676696
2014-06-25,334.43018727155174,257.71659062583586,391.62577079726066,328.62895375887456,339.06464984100717,-3.2112321847565113,-3.2112321847565113,-3.2112321847565113,82.90704445186103,82.90704445186103,82.90704445186103,-86.11827663661754,-86.11827663661754,-86.11827663661754,0.0,0.0,0.0,331.21895508679523
2014-06-26,335.37318159367544,268.52887055525423,398.5170778881213,329.46117165660604,340.08082165551224,2.2880160793487487,2.2880160793487487,2.2880160793487487,89.54550811803489,89.54550811803489,89.54550811803489,-87.25749203868614,-87.25749203868614,-87.25749203868614,0.0,0.0,0.0,337.66119767302416
2014-06-27,336.316175915799,239.57827578992607,374.94731085288737,330.28884317136925,341.1070610903744,-24.022694908012326,-24.022694908012326,-24.022694908012326,64.13563913320597,64.13563913320597,64.13563913320597,-88.1583340412183,-88.1583340412183,-88.1583340412183,0.0,0.0,0.0,312.2934810077867
2014-06-28,337.2591702379227,-42.065474863550534,90.16124795682967,331.11981467218635,342.1593626426491,-314.59089787061214,-314.59089787061214,-314.59089787061214,-225.78224437590296,-225.78224437590296,-225.78224437590296,-88.80865349470913,-88.80865349470913,-88.80865349470913,0.0,0.0,0.0,22.66827236731058
2014-06-29,338.2021645600463,-38.02939780450052,96.70646741370885,331.95205681594234,343.22264712383134,-313.1652840471176,-313.1652840471176,-313.1652840471176,-223.96201496866087,-223.96201496866087,-223.96201496866087,-89.20326907845677,-89.20326907845677,-89.20326907845677,0.0,0.0,0.0,25.03688051292869
2014-06-30,339.14515888217,285.98620230399183,421.1435694122693,332.7795423951304,344.2699003639033,18.6158684955233,18.6158684955233,18.6158684955233,107.96022334961928,107.96022334961928,107.96022334961928,-89.34435485409598,-89.34435485409598,-89.34435485409598,0.0,0.0,0.0,357.76102737769327
2014-07-01,340.0881532042936,289.10015380497185,420.1950787084711,333.65955231940535,345.29895881530166,15.954229168791548,15.954229168791548,15.954229168791548,105.19584429254456,105.19584429254456,105.19584429254456,-89.24161512375302,-89.24161512375302,-89.24161512375302,0.0,0.0,0.0,356.0423823730851
2014-07-02,341.03114752641727,265.371326488779,397.6705296540918,334.45730107128674,346.34839770124614,-6.005190716217716,-6.005190716217716,-6.005190716217716,82.9070444519173,82.9070444519173,82.9070444519173,-88.91223516813503,-88.91223516813503,-88.91223516813503,0.0,0.0,0.0,335.02595681019955
2014-07-03,341.97414184854085,275.43210316500034,411.2163135570757,335.24264543537214,347.3710563871622,1.16490520697088,1.16490520697088,1.16490520697088,89.54550811797212,89.54550811797212,89.54550811797212,-88.38060291100123,-88.38060291100123,-88.38060291100123,0.0,0.0,0.0,343.13904705551175
2014-07-04,342.91713617066455,252.24635474988276,385.625621409463,336.0657079806719,348.4156779142772,-23.542164205185326,-23.542164205185326,-23.542164205185326,64.13563913298653,64.13563913298653,64.13563913298653,-87.67780333817184,-87.67780333817184,-87.67780333817184,0.0,0.0,0.0,319.37497196547923
2014-07-05,343.86013049278813,-40.2520614751374,94.29120317700227,336.86730231170867,349.4627722934274,-312.6231387727822,-312.6231387727822,-312.6231387727822,-225.78224437600016,-225.78224437600016,-225.78224437600016,-86.84089439678206,-86.84089439678206,-86.84089439678206,0.0,0.0,0.0,31.236991720005904
2014-07-06,344.8031248149118,-30.594969853113437,96.69700922070193,337.70871604301146,350.5227190389673,-309.8739948772592,-309.8739948772592,-309.8739948772592,-223.96201496875767,-223.96201496875767,-223.96201496875767,-85.91197990850148,-85.91197990850148,-85.91197990850148,0.0,0.0,0.0,34.92912993765265
2014-07-07,345.7461191370354,303.275766842237,438.85418179051896,338.5459415025769,351.56697975039685,23.02312180496205,23.02312180496205,23.02312180496205,107.96022334950845,107.96022334950845,107.96022334950845,-84.93710154454641,-84.93710154454641,-84.93710154454641,0.0,0.0,0.0,368.76924094199745
2014-07-08,346.6891134591591,296.2920241866953,430.49139270694855,339.4204749939806,352.62666515986086,21.23086636380445,21.23086636380445,21.23086636380445,105.195844292519,105.195844292519,105.195844292519,-83.96497792871456,-83.96497792871456,-83.96497792871456,0.0,0.0,0.0,367.91997982296357
2014-07-09,347.6321077812827,283.3596461694044,414.7924683222598,340.3049565174547,353.6541881086543,-0.138579815175683,-0.138579815175683,-0.138579815175683,82.90704445189658,82.90704445189658,82.90704445189658,-83.04562426707227,-83.04562426707227,-83.04562426707227,0.0,0.0,0.0,347.493527966107
2014-07-10,348.5751021034064,285.55302097481683,419.8797491625222,341.1707264511348,354.70064987177864,7.3166177430646435,7.3166177430646435,7.3166177430646435,89.54550811790935,89.54550811790935,89.54550811790935,-82.22889037484471,-82.22889037484471,-82.22889037484471,0.0,0.0,0.0,355.891719846471
2014-07-11,349.51809642552996,266.5333031310226,394.83311789952137,341.92550244680206,355.7827112211016,-17.427319297278988,-17.427319297278988,-17.427319297278988,64.13563913298705,64.13563913298705,64.13563913298705,-81.56295843026605,-81.56295843026605,-81.56295843026605,0.0,0.0,0.0,332.090777128251
2014-07-12,350.46109074765366,-20.91669677942114,113.09118402006938,342.7312224760448,356.84135841400445,-306.87508848119666,-306.87508848119666,-306.87508848119666,-225.78224437567633,-225.78224437567633,-225.78224437567633,-81.09284410552027,-81.09284410552027,-81.09284410552027,0.0,0.0,0.0,43.586002266457
2014-07-13,351.40408506977735,-24.90976039464479,112.65536670866103,343.4988667062951,357.89477593859635,-304.8209607821697,-304.8209607821697,-304.8209607821697,-223.96201496959364,-223.96201496959364,-223.96201496959364,-80.85894581257608,-80.85894581257608,-80.85894581257608,0.0,0.0,0.0,46.58312428760763
2014-07-14,352.34707939190093,316.937599948978,448.95923048057074,344.33205883107945,358.9478653485082,27.064536754829874,27.064536754829874,27.064536754829874,107.96022334956058,107.96022334956058,107.96022334956058,-80.8956865947307,-80.8956865947307,-80.8956865947307,0.0,0.0,0.0,379.4116161467308
2014-07-15,353.29007371402463,306.2229579418763,447.2009560563993,345.1667450391191,360.01207173417833,23.965552621112497,23.965552621112497,23.965552621112497,105.19584429243797,105.19584429243797,105.19584429243797,-81.23029167132549,-81.23029167132549,-81.23029167132549,0.0,0.0,0.0,377.25562633513715
2014-07-16,354.2330680361482,289.68116877916793,421.69401702715066,345.97506191743406,361.0540441683321,1.0253026355736048,1.0253026355736048,1.0253026355736048,82.90704445187588,82.90704445187588,82.90704445187588,-81.88174181630227,-81.88174181630227,-81.88174181630227,0.0,0.0,0.0,355.2583706717218
2014-07-17,355.1760623582719,286.738606791028,428.9938411383662,346.7980801899248,362.1071335782441,6.685569443509255,6.685569443509255,6.685569443509255,89.5455081180002,89.5455081180002,89.5455081180002,-82.85993867449093,-82.85993867449093,-82.85993867449093,0.0,0.0,0.0,361.8616318017812
2014-07-18,356.1190566803955,268.32000938420254,401.7064135695156,347.66237115777614,363.16003207850866,-20.02947375092641,-20.02947375092641,-20.02947375092641,64.13563913301405,64.13563913301405,64.13563913301405,-84.16511288394047,-84.16511288394047,-84.16511288394047,0.0,0.0,0.0,336.0895829294691
2014-07-19,357.0620510025192,-22.45368566790356,112.71751742551668,348.4297585108581,364.14617789467013,-311.5697439794019,-311.5697439794019,-311.5697439794019,-225.7822443760182,-225.7822443760182,-225.7822443760182,-85.78749960338368,-85.78749960338368,-85.78749960338368,0.0,0.0,0.0,45.49230702311729
2014-07-20,358.00504532464277,-24.355367695917504,113.08747521436067,349.2797889114598,365.22962694965355,-311.66931387006383,-311.66931387006383,-311.66931387006383,-223.96201496946958,-223.96201496946958,-223.96201496946958,-87.7072989005943,-87.7072989005943,-87.7072989005943,0.0,0.0,0.0,46.335731454578934
2014-07-21,358.94803964676646,312.91172569284976,447.08622357263926,350.1307214449827,366.240413661728,18.06529272181019,18.06529272181019,18.06529272181019,107.96022334961268,107.96022334961268,107.96022334961268,-89.89493062780248,-89.89493062780248,-89.89493062780248,0.0,0.0,0.0,377.01333236857664
2014-07-22,359.89103396889004,308.6993732974818,437.9541566900772,350.9832779290111,367.30851722927076,12.884259187802298,12.884259187802298,12.884259187802298,105.19584429241242,105.19584429241242,105.19584429241242,-92.31158510461012,-92.31158510461012,-92.31158510461012,0.0,0.0,0.0,372.7752931566923
2014-07-23,360.83402829101374,282.8760708365701,417.375036517603,351.81083491518115,368.37051519867083,-12.003017925899265,-12.003017925899265,-12.003017925899265,82.90704445190231,82.90704445190231,82.90704445190231,-94.91006237780157,-94.91006237780157,-94.91006237780157,0.0,0.0,0.0,348.8310103651145
2014-07-24,361.7770226131373,286.3818041635882,418.9595766269926,352.6190161707232,369.47606016457917,-8.090376152976969,-8.090376152976969,-8.090376152976969,89.54550811793742,89.54550811793742,89.54550811793742,-97.63588427091437,-97.63588427091437,-97.63588427091437,0.0,0.0,0.0,353.6866464601604
2014-07-25,362.72001693526107,255.4181434364284,391.7439692363665,353.4658559406904,370.5338102069499,-36.29301598805192,-36.29301598805192,-36.29301598805192,64.13563913301456,64.13563913301456,64.13563913301456,-100.42865512106648,-100.42865512106648,-100.42865512106648,0.0,0.0,0.0,326.42700094720914
2014-07-26,363.6630112573846,-32.105663038847474,106.53036713064469,354.309332855662,371.5877797114965,-329.00588364671074,-329.00588364671074,-329.00588364671074,-225.78224437611541,-225.78224437611541,-225.78224437611541,-103.22363927059534,-103.22363927059534,-103.22363927059534,0.0,0.0,0.0,34.657127610673854
2014-07-27,364.60600557950835,-34.75796531312776,96.89680225577932,355.13409129999513,372.61176324406665,-329.9155312401608,-329.9155312401608,-329.9155312401608,-223.96201496912468,-223.96201496912468,-223.96201496912468,-105.95351627103615,-105.95351627103615,-105.95351627103615,0.0,0.0,0.0,34.69047433934753
2014-07-28,365.54899990163193,294.4142921843468,429.78906217320633,355.963024036288,373.6373449932909,-0.5900452371185384,-0.5900452371185384,-0.5900452371185384,107.96022334950183,107.96022334950183,107.96022334950183,-108.55026858662038,-108.55026858662038,-108.55026858662038,0.0,0.0,0.0,364.9589546645134
2014-07-29,366.4919942237556,292.9091639015994,425.8880569342834,356.78986962660105,374.69132165040946,-5.751307257338428,-5.751307257338428,-5.751307257338428,105.1958442924643,105.1958442924643,105.1958442924643,-110.94715154980273,-110.94715154980273,-110.94715154980273,0.0,0.0,0.0,360.7406869664172
2014-07-30,367.4349885458792,271.35450753995644,400.1181771244188,357.616715216914,375.73523852042507,-30.173647139451504,-30.173647139451504,-30.173647139451504,82.90704445188159,82.90704445188159,82.90704445188159,-113.08069159133309,-113.08069159133309,-113.08069159133309,0.0,0.0,0.0,337.26134140642773
2014-07-31,368.3779828680029,279.2481962715282,409.5228404649825,358.4481911132713,376.75853178904276,-25.34714835725377,-25.34714835725377,-25.34714835725377,89.54550811802635,89.54550811802635,89.54550811802635,-114.89265647528012,-114.89265647528012,-114.89265647528012,0.0,0.0,0.0,343.0308345107491
2014-08-01,369.3209771901266,246.62496981761834,383.1233657042102,359.2652483058775,377.80368676825543,-52.19630137927255,-52.19630137927255,-52.19630137927255,64.13563913301506,64.13563913301506,64.13563913301506,-116.33194051228762,-116.33194051228762,-116.33194051228762,0.0,0.0,0.0,317.12467581085406
2014-08-02,370.2639715122502,-39.1812588530866,92.8489661858219,360.10310760927365,378.81804990507334,-343.1385529330116,-343.1385529330116,-343.1385529330116,-225.78224437645727,-225.78224437645727,-225.78224437645727,-117.35630855655437,-117.35630855655437,-117.35630855655437,0.0,0.0,0.0,27.125418579238556
2014-08-03,371.2069658343739,-41.242936530845434,99.96629807382426,360.9386338414387,379.8730738142889,-341.8959599931238,-341.8959599931238,-341.8959599931238,-223.96201496948066,-223.96201496948066,-223.96201496948066,-117.93394502364309,-117.93394502364309,-117.93394502364309,0.0,0.0,0.0,29.31100584125005
2014-08-04,372.14996015649746,291.12106930567353,430.7042721007368,361.7643611844063,380.9255534444223,-10.084534814397369,-10.084534814397369,-10.084534814397369,107.96022334955397,107.96022334955397,107.96022334955397,-118.04475816395134,-118.04475816395134,-118.04475816395134,0.0,0.0,0.0,362.06542534210007
2014-08-05,373.09295447862115,295.1883838231923,424.0630780214281,362.5859547688372,381.99461296550993,-12.485551018883285,-12.485551018883285,-12.485551018883285,105.19584429243872,105.19584429243872,105.19584429243872,-117.68139531132199,-117.68139531132199,-117.68139531132199,0.0,0.0,0.0,360.60740345973784
2014-08-06,374.03594880074473,274.6678442086988,413.54353845259004,363.42085885594963,383.0624722443877,-33.94288722350122,-33.94288722350122,-33.94288722350122,82.90704445186086,82.90704445186086,82.90704445186086,-116.84993167536209,-116.84993167536209,-116.84993167536209,0.0,0.0,0.0,340.09306157724353
2014-08-07,374.97894312286843,284.9212442630013,416.7469638266076,364.24648442790595,384.1207692568052,-26.024695180096977,-26.024695180096977,-26.024695180096977,89.54550811796358,89.54550811796358,89.54550811796358,-115.57020329806056,-115.57020329806056,-115.57020329806056,0.0,0.0,0.0,348.9542479427715
2014-08-08,375.921937444992,255.04821284209248,402.37649717925115,365.0824019114873,385.19827437767054,-49.74012471722585,-49.74012471722585,-49.74012471722585,64.13563913304208,64.13563913304208,64.13563913304208,-113.87576385026793,-113.87576385026793,-113.87576385026793,0.0,0.0,0.0,326.18181272776616
2014-08-09,376.8649317671157,-28.621238790242238,111.60021893434535,365.9253619496419,386.3250277880126,-337.59569914683703,-337.59569914683703,-337.59569914683703,-225.78224437522314,-225.78224437522314,-225.78224437522314,-111.81345477161388,-111.81345477161388,-111.81345477161388,0.0,0.0,0.0,39.26923262027867
2014-08-10,377.8079260892393,-26.594701272915245,110.62836991388343,366.69869692086985,387.3894310601855,-333.4046035712592,-333.4046035712592,-333.4046035712592,-223.96201496935663,-223.96201496935663,-223.96201496935663,-109.44258860190259,-109.44258860190259,-109.44258860190259,0.0,0.0,0.0,44.40332251798009
2014-08-11,378.750920411363,311.5338077448631,447.61443200644914,367.4525929871431,388.44515326456576,1.1264674114043596,1.1264674114043596,1.1264674114043596,107.9602233497594,107.9602233497594,107.9602233497594,-106.83375593835503,-106.83375593835503,-106.83375593835503,0.0,0.0,0.0,379.87738782276733
2014-08-12,379.69391473348657,313.3936165807092,448.5715452017005,368.26455151013084,389.5123097458011,1.1285672984035027,1.1285672984035027,1.1285672984035027,105.19584429241316,105.19584429241316,105.19584429241316,-104.06727699400966,-104.06727699400966,-104.06727699400966,0.0,0.0,0.0,380.82248203189005
2014-08-13,380.63690905561026,295.44653858386624,429.48805564020597,369.13425577050657,390.56402287981496,-18.324284487114117,-18.324284487114117,-18.324284487114117,82.90704445191714,82.90704445191714,82.90704445191714,-101.23132893903126,-101.23132893903126,-101.23132893903126,0.0,0.0,0.0,362.3126245684961
2014-08-14,381.57990337773384,304.33664551363546,437.0163855266577,369.90849862025453,391.6165827168585,-8.874281673890192,-8.874281673890192,-8.874281673890192,89.5455081179027,89.5455081179027,89.5455081179027,-98.4197897917929,-98.4197897917929,-98.4197897917929,0.0,0.0,0.0,372.70562170384363
2014-08-15,382.52289769985754,281.0362824701153,415.2242003368324,370.7384243891538,392.7396233129901,-31.59420918415692,-31.59420918415692,-31.59420918415692,64.13563913304259,64.13563913304259,64.13563913304259,-95.72984831719951,-95.72984831719951,-95.72984831719951,0.0,0.0,0.0,350.9286885157006
2014-08-16,383.4658920219811,-6.024119499259329,130.7114303358613,371.596282525585,393.88479162129016,-319.041681308252,-319.041681308252,-319.041681308252,-225.78224437556494,-225.78224437556494,-225.78224437556494,-93.25943693268701,-93.25943693268701,-93.25943693268701,0.0,0.0,0.0,64.42421071372911
2014-08-17,384.4088863441048,-1.6780553748715332,138.73429534416138,372.4283767448695,394.96570754191424,-315.06656575973307,-315.06656575973307,-315.06656575973307,-223.96201496923257,-223.96201496923257,-223.96201496923257,-91.10455079050045,-91.10455079050045,-91.10455079050045,0.0,0.0,0.0,69.34232058437175
2014-08-18,385.3518806662284,333.0371906738853,465.13992301781616,373.20956544523034,395.99485289201016,18.60370254222322,18.60370254222322,18.60370254222322,107.96022334981144,107.96022334981144,107.96022334981144,-89.35652080758823,-89.35652080758823,-89.35652080758823,0.0,0.0,0.0,403.9555832084516
2014-08-19,386.2948749883521,333.95952173100335,470.42733385325187,373.99462206544644,397.02675267129183,17.096532995279222,17.096532995279222,17.096532995279222,105.19584429246503,105.19584429246503,105.19584429246503,-88.0993112971858,-88.0993112971858,-88.0993112971858,0.0,0.0,0.0,403.3914079836313
2014-08-20,387.2378693104757,317.73274072882384,454.4026373088697,374.7273646249676,398.0934648102842,-4.499869461320871,-4.499869461320871,-4.499869461320871,82.90704445184298,82.90704445184298,82.90704445184298,-87.40691391316385,-87.40691391316385,-87.40691391316385,0.0,0.0,0.0,382.7379998491548
2014-08-21,388.18086363259937,322.8357675187617,455.94067338127,375.4778635927454,399.16403344157567,2.2045993309259466,2.2045993309259466,2.2045993309259466,89.54550811799164,89.54550811799164,89.54550811799164,-87.3409087870657,-87.3409087870657,-87.3409087870657,0.0,0.0,0.0,390.3854629635253
2014-08-22,389.12385795472306,297.75614007880955,434.5419588903822,376.18091964934905,400.2105297741742,-23.812621878248084,-23.812621878248084,-23.812621878248084,64.13563913282314,64.13563913282314,64.13563913282314,-87.94826101107122,-87.94826101107122,-87.94826101107122,0.0,0.0,0.0,365.311236076475
2014-08-23,390.06685227684665,10.664743605535485,139.6817395983587,376.9412775451916,401.3448326397766,-315.0416604125345,-315.0416604125345,-315.0416604125345,-225.78224437566217,-225.78224437566217,-225.78224437566217,-89.2594160368723,-89.2594160368723,-89.2594160368723,0.0,0.0,0.0,75.02519186431215
2014-08-24,391.00984659897034,4.236069585442248,151.61034802480188,377.7487551395486,402.4529732271794,-315.2487661841311,-315.2487661841311,-315.2487661841311,-223.96201496936774,-223.96201496936774,-223.96201496936774,-91.28675121476343,-91.28675121476343,-91.28675121476343,0.0,0.0,0.0,75.76108041483923
2014-08-25,391.9528409210939,339.164901106678,477.3479432107694,378.56007486037703,403.547639232758,13.936790621226963,13.936790621226963,13.936790621226963,107.96022334954735,107.96022334954735,107.96022334954735,-94.02343272832039,-94.02343272832039,-94.02343272832039,0.0,0.0,0.0,405.8896315423209
2014-08-26,392.8958352432176,332.26929437692905,469.8353574254979,379.3415313261733,404.70048698538335,7.753126516728422,7.753126516728422,7.753126516728422,105.19584429262778,105.19584429262778,105.19584429262778,-97.44271777589937,-97.44271777589937,-97.44271777589937,0.0,0.0,0.0,400.648961759946
2014-08-27,393.8388295653412,304.60309794025284,437.635228155066,380.06320346193803,405.8085039098287,-18.590686784383443,-18.590686784383443,-18.590686784383443,82.9070444518757,82.9070444518757,82.9070444518757,-101.49773123625916,-101.49773123625916,-101.49773123625916,0.0,0.0,0.0,375.2481427809578
2014-08-28,394.7818238874649,310.30827938555865,441.9053300672432,380.8852449560598,406.9097212153558,-16.576226378641486,-16.576226378641486,-16.576226378641486,89.54550811808059,89.54550811808059,89.54550811808059,-106.12173449672207,-106.12173449672207,-106.12173449672207,0.0,0.0,0.0,378.2055975088234
2014-08-29,395.7248182095885,283.8074218495231,417.74848702275705,381.72920787799296,408.0064949436513,-47.093252775341256,-47.093252775341256,-47.093252775341256,64.13563913282367,64.13563913282367,64.13563913282367,-111.22889190816493,-111.22889190816493,-111.22889190816493,0.0,0.0,0.0,348.63156543424725
2014-08-30,396.6678125317122,-16.719264536951318,123.33954008827855,382.5654217982731,409.10919514754335,-342.49777215042127,-342.49777215042127,-342.49777215042127,-225.78224437558296,-225.78224437558296,-225.78224437558296,-116.71552777483829,-116.71552777483829,-116.71552777483829,0.0,0.0,0.0,54.1700403812909
2014-08-31,397.61080685383575,-23.707189245007815,116.09140593900099,383.36423851765545,410.2144547302469,-346.42386918331357,-346.42386918331357,-346.42386918331357,-223.96201496946452,-223.96201496946452,-223.96201496946452,-122.46185421384905,-122.46185421384905,-122.46185421384905,0.0,0.0,0.0,51.186937670522184
2014-09-01,398.55380117595945,310.3085194699763,444.1264246692019,384.1947832263053,411.3184974676291,-20.373914607831555,-20.373914607831555,-20.373914607831555,107.96022334975277,107.96022334975277,107.96022334975277,-128.33413795758432,-128.33413795758432,-128.33413795758432,0.0,0.0,0.0,378.17988656812787
2014-09-02,399.49679549808303,301.9351005909107,436.7953698377237,385.02204116959166,412.44300278932235,-28.99141825635323,-28.99141825635323,-28.99141825635323,105.19584429249134,105.19584429249134,105.19584429249134,-134.1872625488446,-134.1872625488446,-134.1872625488446,0.0,0.0,0.0,370.5053772417298
2014-09-03,400.4397898202067,274.34710640395394,408.3683286334706,385.80693192075574,413.5637402412388,-56.96058725016183,-56.96058725016183,-56.96058725016183,82.90704445185494,82.90704445185494,82.90704445185494,-139.86763170201678,-139.86763170201678,-139.86763170201678,0.0,0.0,0.0,343.4792025700449
2014-09-04,401.3827841423303,280.1738054811062,413.34986634760094,386.61200205680865,414.64754015501757,-55.67084204781789,-55.67084204781789,-55.67084204781789,89.54550811786801,89.54550811786801,89.54550811786801,-145.2163501656859,-145.2163501656859,-145.2163501656859,0.0,0.0,0.0,345.71194209451244
2014-09-05,402.32577846445406,245.65124790935965,377.9973285411005,387.4123362945043,415.7313400687965,-85.93697134834306,-85.93697134834306,-85.93697134834306,64.13563913331707,64.13563913331707,64.13563913331707,-150.07261048166012,-150.07261048166012,-150.07261048166012,0.0,0.0,0.0,316.388807116111
2014-09-06,403.2687727865776,-49.842178224714175,92.69829898815289,388.135106685236,416.8321079596034,-380.05945219005986,-380.05945219005986,-380.05945219005986,-225.7822443759248,-225.7822443759248,-225.7822443759248,-154.27720781413504,-154.27720781413504,-154.27720781413504,0.0,0.0,0.0,23.209320596517728
2014-09-07,404.21176710870134,-45.60581497828764,92.25373593806309,388.8518261964835,417.9251110204607,-381.6381156704943,-381.6381156704943,-381.6381156704943,-223.9620149691196,-223.9620149691196,-223.9620149691196,-157.67610070137468,-157.67610070137468,-157.67610070137468,0.0,0.0,0.0,22.573651438207037
2014-09-08,405.1547614308249,281.91169059119795,416.7007867781178,389.6493206011641,418.97402238850964,-52.163709941190895,-52.163709941190895,-52.163709941190895,107.96022334995817,107.96022334995817,107.96022334995817,-160.12393329114906,-160.12393329114906,-160.12393329114906,0.0,0.0,0.0,352.991051489634
2014-09-09,406.0977557529486,281.6050500202467,417.04929216197735,390.4951613247037,420.07955062868086,-56.29159014557998,-56.29159014557998,-56.29159014557998,105.1958442926541,105.1958442926541,105.1958442926541,-161.4874344382341,-161.4874344382341,-161.4874344382341,0.0,0.0,0.0,349.80616560736865
2014-09-10,407.0407500750722,264.45535789158,393.53698883948533,391.2879010480022,421.2154509599624,-78.74156654082697,-78.74156654082697,-78.74156654082697,82.90704445191125,82.90704445191125,82.90704445191125,-161.6486109927382,-161.6486109927382,-161.6486109927382,0.0,0.0,0.0,328.29918353424523
2014-09-11,407.9837443971959,267.1167394100017,403.52506431392743,392.11399505509706,422.3270173395633,-70.96214854072387,-70.96214854072387,-70.96214854072387,89.54550811810864,89.54550811810864,89.54550811810864,-160.5076566588325,-160.5076566588325,-160.5076566588325,0.0,0.0,0.0,337.021595856472
2014-09-12,408.9267387193196,245.3560683635742,383.07970500771825,392.94008906219176,423.4323606015303,-93.84986473569553,-93.84986473569553,-93.84986473569553,64.13563913309763,64.13563913309763,64.13563913309763,-157.9855038687932,-157.9855038687932,-157.9855038687932,0.0,0.0,0.0,315.07687398362407
2014-09-13,409.86973304144317,-47.65245421934937,100.28377869195802,393.7661830692865,424.5356412627017,-379.8081984312161,-379.8081984312161,-379.8081984312161,-225.7822443757774,-225.7822443757774,-225.7822443757774,-154.02595405543872,-154.02595405543872,-154.02595405543872,0.0,0.0,0.0,30.061534610227056
2014-09-14,410.81272736356686,-35.77340743707179,105.9622151446994,394.5768018740604,425.632046130956,-372.55934629744127,-372.55934629744127,-372.55934629744127,-223.96201496899556,-223.96201496899556,-223.96201496899556,-148.59733132844562,-148.59733132844562,-148.59733132844562,0.0,0.0,0.0,38.2533810661256
2014-09-15,411.75572168569045,304.8661315923983,441.13475336838235,395.32987366351097,426.7397212838719,-33.73339228056712,-33.73339228056712,-33.73339228056712,107.9602233495407,107.9602233495407,107.9602233495407,-141.69361563010781,-141.69361563010781,-141.69361563010781,0.0,0.0,0.0,378.02232940512334
2014-09-16,412.69871600781414,315.55356407480014,453.9445517414749,396.0317554317388,427.8473964367879,-28.139179398447766,-28.139179398447766,-28.139179398447766,105.19584429257308,105.19584429257308,105.19584429257308,-133.33502369102087,-133.33502369102087,-133.33502369102087,0.0,0.0,0.0,384.5595366093664
2014-09-17,413.6417103299377,303.0140316014,443.80964307758364,396.6714571450316,428.95188582718174,-40.66097476633584,-40.66097476633584,-40.66097476633584,82.90704445194393,82.90704445194393,82.90704445194393,-123.5680192182798,-123.5680192182798,-123.5680192182798,0.0,0.0,0.0,372.9807355636019
2014-09-18,414.5847046520614,319.5853881317921,455.5438122929294,397.3758747472896,430.1506926900276,-22.91923928182477,-22.91923928182477,-22.91923928182477,89.54550811804589,89.54550811804589,89.54550811804589,-112.46474739987065,-112.46474739987065,-112.46474739987065,0.0,0.0,0.0,391.66546537023663
2014-09-19,415.527698974185,308.7331295036964,448.62066540551285,398.1985331525773,431.3158257670013,-35.98626351834562,-35.98626351834562,-35.98626351834562,64.13563913287821,64.13563913287821,64.13563913287821,-100.12190265122383,-100.12190265122383,-100.12190265122383,0.0,0.0,0.0,379.5414354558394
2014-09-20,416.4706932963087,32.82567588201329,175.21698245814335,398.8913846578897,432.42056329556186,-312.44129658969274,-312.44129658969274,-312.44129658969274,-225.78224437569816,-225.78224437569816,-225.78224437569816,-86.65905221399463,-86.65905221399463,-86.65905221399463,0.0,0.0,0.0,104.02939670661596
2014-09-21,417.4136876184323,50.068309756598815,192.2313562477854,399.59434372286984,433.52456522265555,-296.17846636241876,-296.17846636241876,-296.17846636241876,-223.9620149691307,-223.9620149691307,-223.9620149691307,-72.2164513932881,-72.2164513932881,-72.2164513932881,0.0,0.0,0.0,121.23522125601352
2014-09-22,418.356681940556,398.47391653675714,531.3915420140962,400.42243031513146,434.63025011509535,51.00782479959171,51.00782479959171,51.00782479959171,107.96022334942988,107.96022334942988,107.96022334942988,-56.952398549838165,-56.952398549838165,-56.952398549838165,0.0,0.0,0.0,469.3645067401477
2014-09-23,419.29967626267955,409.7658568846836,553.1256540244757,401.1667788425347,435.78339728972634,64.15565515574757,64.15565515574757,64.15565515574757,105.19584429249208,105.19584429249208,105.19584429249208,-41.040189136744516,-41.040189136744516,-41.040189136744516,0.0,0.0,0.0,483.45533141842714
2014-09-24,420.24267058480325,406.169555506574,547.606369081158,401.8824915753785,436.8243585020164,58.24230665616616,58.24230665616616,58.24230665616616,82.9070444518698,82.9070444518698,82.9070444518698,-24.664737795703648,-24.664737795703648,-24.664737795703648,0.0,0.0,0.0,478.4849772409694
2014-09-25,421.18566490692683,436.56617053873504,570.6305852082573,402.49917278520917,437.9214126954768,81.52656255834145,81.52656255834145,81.52656255834145,89.54550811813482,89.54550811813482,89.54550811813482,-8.01894555979336,-8.01894555979336,-8.01894555979336,0.0,0.0,0.0,502.71222746526826
2014-09-26,422.1286592290505,421.59549419886935,559.1773619330418,403.208407830966,438.9842552756566,72.83574379085039,72.83574379085039,72.83574379085039,64.13563913334507,64.13563913334507,64.13563913334507,8.700104657505316,8.700104657505316,8.700104657505316,0.0,0.0,0.0,494.96440301990094
2014-09-27,423.0716535511741,147.89050084746842,290.1518998662323,403.9720949922537,440.023533061113,-200.48720734540223,-200.48720734540223,-200.48720734540223,-225.78224437579536,-225.78224437579536,-225.78224437579536,25.295037030393164,25.295037030393164,25.295037030393164,0.0,0.0,0.0,222.58444620577188
2014-09-28,424.0146478732978,170.19797005771073,306.1142064222813,404.7698312676718,441.09165314760025,-182.38994789940912,-182.38994789940912,-182.38994789940912,-223.96201496878584,-223.96201496878584,-223.96201496878584,41.57206706937671,41.57206706937671,41.57206706937671,0.0,0.0,0.0,241.62469997388868
2014-09-29,424.9576421954214,519.7981942618233,657.7348462189891,405.57651368178483,442.2157414376623,165.30501561057946,165.30501561057946,165.30501561057946,107.96022334948198,107.96022334948198,107.96022334948198,57.34479226109749,57.34479226109749,57.34479226109749,0.0,0.0,0.0,590.2626578060008
2014-09-30,425.9006365175451,538.1206473775657,672.9660313242506,406.31080186604447,443.25589696813466,177.63364698150764,177.63364698150764,177.63364698150764,105.19584429241105,105.19584429241105,105.19584429241105,72.4378026890966,72.4378026890966,72.4378026890966,0.0,0.0,0.0,603.5342834990527
2014-10-01,426.84363083966866,528.5172416860554,663.8071062577638,407.10886277004204,444.3656205998761,169.59707428526016,169.59707428526016,169.59707428526016,82.90704445192607,82.90704445192607,82.90704445192607,86.6900298333341,86.6900298333341,86.6900298333341,0.0,0.0,0.0,596.4407051249289
2014-10-02,427.78662516179236,545.2183509106462,680.1133843335319,407.8634709272743,445.50565188573586,189.50326647792562,189.50326647792562,189.50326647792562,89.54550811792222,89.54550811792222,89.54550811792222,99.95775836000335,99.95775836000335,99.95775836000335,0.0,0.0,0.0,617.289891639718
2014-10-03,428.72961948391605,529.5487543183808,673.3380131291889,408.5756936494717,446.672962808384,176.25287329005167,176.25287329005167,176.25287329005167,64.13563913312566,64.13563913312566,64.13563913312566,112.117234156926,112.117234156926,112.117234156926,0.0,0.0,0.0,604.9824927739677
2014-10-04,429.67261380603964,251.47484674022988,397.07844875519663,409.287916371669,447.7138525166991,-102.71543244981878,-102.71543244981878,-102.71543244981878,-225.78224437589262,-225.78224437589262,-225.78224437589262,123.06681192607387,123.06681192607387,123.06681192607387,0.0,0.0,0.0,326.9571813562209
2014-10-05,430.61560812816333,266.72293264749914,407.5157476538334,410.00429668157426,448.74467617082206,-91.23341792085732,-91.23341792085732,-91.23341792085732,-223.96201496888264,-223.96201496888264,-223.96201496888264,132.7285970480253,132.7285970480253,132.7285970480253,0.0,0.0,0.0,339.382190207306
2014-10-06,431.5586024502869,611.0467876590778,752.833000677818,410.7324661411114,449.77981554457057,249.0097722413073,249.0097722413073,249.0097722413073,107.96022334937115,107.96022334937115,107.96022334937115,141.04954889193613,141.04954889193613,141.04954889193613,0.0,0.0,0.0,680.5683746915943
2014-10-07,432.5015967724106,612.9491355111891,751.9974472737898,411.4677692752144,450.8918643264893,253.1978702248153,253.1978702248153,253.1978702248153,105.19584429257381,105.19584429257381,105.19584429257381,148.00202593224148,148.00202593224148,148.00202593224148,0.0,0.0,0.0,685.699466997226
2014-10-08,433.4445910945342,600.3104969575555,744.0363340495868,412.18943828309244,452.00068331324553,236.49081106601028,236.49081106601028,236.49081106601028,82.90704445190535,82.90704445190535,82.90704445190535,153.58376661410495,153.58376661410495,153.58376661410495,0.0,0.0,0.0,669.9354021605445
2014-10-09,434.3875854166579,609.0591837621663,750.244927783088,413.0393491390422,453.05091202780477,247.36282165198736,247.36282165198736,247.36282165198736,89.54550811801306,89.54550811801306,89.54550811801306,157.81731353397427,157.81731353397427,157.81731353397427,0.0,0.0,0.0,681.7504070686452
2014-10-10,435.33057973878147,587.5843865782756,730.1369238944343,413.76809070691496,454.1653547498034,224.88454095535906,224.88454095535906,224.88454095535906,64.13563913312616,64.13563913312616,64.13563913312616,160.74890182223288,160.74890182223288,160.74890182223288,0.0,0.0,0.0,660.2151206941405
2014-10-11,436.27357406090516,300.3581257750074,442.9428407012236,414.4672251049334,455.299020526906,-63.33539908081656,-63.33539908081656,-63.33539908081656,-225.7822443759899,-225.7822443759899,-225.7822443759899,162.44684529517332,162.44684529517332,162.44684529517332,0.0,0.0,0.0,372.9381749800886
2014-10-12,437.21656838302874,302.7857219054815,449.51109245266986,415.16656444214277,456.3905715782972,-60.9625493040738,-60.9625493040738,-60.9625493040738,-223.96201496901776,-223.96201496901776,-223.96201496901776,162.99946566494395,162.99946566494395,162.99946566494395,0.0,0.0,0.0,376.25401907895497
2014-10-13,438.15956270515244,632.3977870477729,774.0315173512362,415.89011931477614,457.4788696880091,270.4728439159181,270.4728439159181,270.4728439159181,107.96022334942329,107.96022334942329,107.96022334942329,162.5126205664948,162.5126205664948,162.5126205664948,0.0,0.0,0.0,708.6324066210705
2014-10-14,439.102557027276,631.8690639951799,778.0122039826496,416.6969606675469,458.5791771919291,266.30273941690194,266.30273941690194,266.30273941690194,105.1958442924928,105.1958442924928,105.1958442924928,161.1068951244091,161.1068951244091,161.1068951244091,0.0,0.0,0.0,705.405296444178
2014-10-15,440.0455513493997,610.308989375143,751.660601264815,417.594626253341,459.7920113227722,241.82157347585465,241.82157347585465,241.82157347585465,82.90704445188462,82.90704445188462,82.90704445188462,158.91452902397003,158.91452902397003,158.91452902397003,0.0,0.0,0.0,681.8671248252543
2014-10-16,440.9885456715233,612.5051709938182,753.5060420341018,418.50653891365715,461.0036494257404,245.62166451878826,245.62166451878826,245.62166451878826,89.545508118102,89.545508118102,89.545508118102,156.07615640068627,156.07615640068627,156.07615640068627,0.0,0.0,0.0,686.6102101903116
2014-10-17,441.93153999364705,590.0629438953581,726.243967204451,419.23661616340905,462.15239590104073,216.8730783376795,216.8730783376795,216.8730783376795,64.13563913315316,64.13563913315316,64.13563913315316,152.73743920452634,152.73743920452634,152.73743920452634,0.0,0.0,0.0,658.8046183313265
2014-10-18,442.8745343157706,298.3867857602595,436.20644688880066,419.9217092515891,463.2203522895322,-76.73656841226433,-76.73656841226433,-76.73656841226433,-225.7822443759106,-225.7822443759106,-225.7822443759106,149.04567596364626,149.04567596364626,149.04567596364626,0.0,0.0,0.0,366.13796590350626
2014-10-19,443.8175286378943,294.8061738124515,430.1143912093105,420.7117320704878,464.31501053584805,-78.81554791039162,-78.81554791039162,-78.81554791039162,-223.96201496959458,-223.96201496959458,-223.96201496959458,145.14646705920296,145.14646705920296,145.14646705920296,0.0,0.0,0.0,365.0019807275027
2014-10-20,444.7605229600179,615.4468081957793,755.9503638888978,421.4114379351891,465.4102456085719,249.14073812332737,249.14073812332737,249.14073812332737,107.9602233496287,107.9602233496287,107.9602233496287,141.18051477369866,141.18051477369866,141.18051477369866,0.0,0.0,0.0,693.9012610833453
2014-10-21,445.7035172821416,618.0581701074271,753.4826168028593,422.0066964674027,466.51588774977847,242.47647588089563,242.47647588089563,242.47647588089563,105.19584429246726,105.19584429246726,105.19584429246726,137.28063158842838,137.28063158842838,137.28063158842838,0.0,0.0,0.0,688.1799931630372
2014-10-22,446.6465116042653,591.1266926353856,731.2003831520624,422.60453899006,467.6017853767887,216.47606808185023,216.47606808185023,216.47606808185023,82.90704445186388,82.90704445186388,82.90704445186388,133.56902362998636,133.56902362998636,133.56902362998636,0.0,0.0,0.0,663.1225796861155
2014-10-23,447.5895059263889,598.587401136013,740.4528556728201,423.38328426678584,468.61910730524227,219.70041611417648,219.70041611417648,219.70041611417648,89.54550811804114,89.54550811804114,89.54550811804114,130.15490799613534,130.15490799613534,130.15490799613534,0.0,0.0,0.0,667.2899220405653
2014-10-24,448.5325002485126,572.1735842301334,709.3032448752265,424.2078632916374,469.5977968783575,191.2681522947143,191.2681522947143,191.2681522947143,64.13563913315367,64.13563913315367,64.13563913315367,127.13251316156061,127.13251316156061,127.13251316156061,0.0,0.0,0.0,639.8006525432269
2014-10-25,449.47549457063616,277.9349003233791,421.8860491222843,425.03780732267006,470.67903653793354,-101.20274333407413,-101.20274333407413,-101.20274333407413,-225.78224437600787,-225.78224437600787,-225.78224437600787,124.57950104193374,124.57950104193374,124.57950104193374,0.0,0.0,0.0,348.27275123656204
2014-10-26,450.41848889275985,280.5261294264131,420.86195292003185,425.8627466912944,471.7842954304383,-101.40617709563851,-101.40617709563851,-101.40617709563851,-223.96201496924965,-223.96201496924965,-223.96201496924965,122.55583787361114,122.55583787361114,122.55583787361114,0.0,0.0,0.0,349.01231179712136
2014-10-27,451.36148321488344,613.0654692078572,752.1380492991268,426.6947061364133,472.92349222332007,229.0633525072068,229.0633525072068,229.0633525072068,107.96022334983411,107.96022334983411,107.96022334983411,121.10312915737266,121.10312915737266,121.10312915737266,0.0,0.0,0.0,680.4248357220902
2014-10-28,452.30447753700713,609.6320709671404,752.5503185233333,427.27871184919815,474.06268901620194,225.44026613076986,225.44026613076986,225.44026613076986,105.1958442925191,105.1958442925191,105.1958442925191,120.24442183825077,120.24442183825077,120.24442183825077,0.0,0.0,0.0,677.744743667777
2014-10-29,453.2474718591307,581.8063945990897,716.889834987753,427.81056810895814,475.2018858090837,202.89150942102958,202.89150942102958,202.89150942102958,82.90704445192017,82.90704445192017,82.90704445192017,119.98446496910944,119.98446496910944,119.98446496910944,0.0,0.0,0.0,656.1389812801604
2014-10-30,454.1904661812544,590.4570958825796,732.1146857668529,428.63443523721656,476.34108260196564,209.8559167647653,209.8559167647653,209.8559167647653,89.54550811797836,89.54550811797836,89.54550811797836,120.31040864678697,120.31040864678697,120.31040864678697,0.0,0.0,0.0,664.0463829460198
2014-10-31,455.133460503378,572.1615514521554,712.0103572513746,429.4714271875609,477.4802793948474,185.32854944355188,185.32854944355188,185.32854944355188,64.13563913293423,64.13563913293423,64.13563913293423,121.1929103106176,121.1929103106176,121.1929103106176,0.0,0.0,0.0,640.4620099469298
2014-11-01,456.0764548255017,281.8821504549262,418.4712728412986,430.30841913790545,478.59550969746215,-103.1946365510851,-103.1946365510851,-103.1946365510851,-225.7822443763497,-225.7822443763497,-225.7822443763497,122.58760782526458,122.58760782526458,122.58760782526458,0.0,0.0,0.0,352.88181827441656
2014-11-02,457.01944914762527,287.23135525274523,422.59259854227713,431.14541108824983,479.69363362594396,-99.52510459700149,-99.52510459700149,-99.52510459700149,-223.96201496960563,-223.96201496960563,-223.96201496960563,124.43691037260415,124.43691037260415,124.43691037260415,0.0,0.0,0.0,357.4943445506238
2014-11-03,457.96244346974896,617.8378233155403,761.1918014977133,431.8831319403524,480.81488725214973,234.632274601477,234.632274601477,234.632274601477,107.96022334957,107.96022334957,107.96022334957,126.67205125190702,126.67205125190702,126.67205125190702,0.0,0.0,0.0,692.594718071226
2014-11-04,458.90543779187254,621.6336373128396,760.1787528224949,432.546715596293,481.90340084431756,234.4111856853964,234.4111856853964,234.4111856853964,105.19584429249356,105.19584429249356,105.19584429249356,129.21534139290284,129.21534139290284,129.21534139290284,0.0,0.0,0.0,693.3166234772689
2014-11-05,459.84843211399624,599.2140029448099,743.6832650973229,433.2743824274951,483.0299006521801,214.88960328713554,214.88960328713554,214.88960328713554,82.90704445186962,82.90704445186962,82.90704445186962,131.9825588352659,131.9825588352659,131.9825588352659,0.0,0.0,0.0,674.7380354011318
2014-11-06,460.7914264361198,611.2270448834148,750.2945078617273,434.0879980130951,484.1995651980656,224.43091580003903,224.43091580003903,224.43091580003903,89.5455081179156,89.5455081179156,89.5455081179156,134.8854076821234,134.8854076821234,134.8854076821234,0.0,0.0,0.0,685.2223422361589
2014-11-07,461.7344207582435,595.0816469554924,729.8733022564606,434.8753592295886,485.29716683927603,201.96961924205542,201.96961924205542,201.96961924205542,64.1356391327148,64.1356391327148,64.1356391327148,137.83398010934062,137.83398010934062,137.83398010934062,0.0,0.0,0.0,663.704040000299
2014-11-08,462.6774150803671,303.4719289232332,439.97773711721084,435.66425878056157,486.5078012181241,-85.04308750731845,-85.04308750731845,-85.04308750731845,-225.7822443757812,-225.7822443757812,-225.7822443757812,140.73915686846277,140.73915686846277,140.73915686846277,0.0,0.0,0.0,377.63432757304867
2014-11-09,463.6204094024908,309.86926203463685,455.13700171260547,436.4731186449505,487.6436805961641,-80.44712969555437,-80.44712969555437,-80.44712969555437,-223.9620149694816,-223.9620149694816,-223.9620149694816,143.51488527392723,143.51488527392723,143.51488527392723,0.0,0.0,0.0,383.17327970693646
2014-11-10,464.5634037246144,645.0733167412309,796.4516965830067,437.32667954445645,488.70264196383516,254.040502135006,254.040502135006,254.040502135006,107.9602233496221,107.9602233496221,107.9602233496221,146.08027878538388,146.08027878538388,146.08027878538388,0.0,0.0,0.0,718.6039058596203
2014-11-11,465.50639804673807,648.6920064217124,787.5475643977593,438.0789711921942,489.76145314094157,253.5573331032426,253.5573331032426,253.5573331032426,105.19584429241254,105.19584429241254,105.19584429241254,148.3614888108301,148.3614888108301,148.3614888108301,0.0,0.0,0.0,719.0637311499806
2014-11-12,466.44939236886177,623.9075140407858,777.035999408361,438.87126312820016,490.9337606257559,233.20035151201665,233.20035151201665,233.20035151201665,82.90704445190231,82.90704445190231,82.90704445190231,150.29330706011436,150.29330706011436,150.29330706011436,0.0,0.0,0.0,699.6497438808784
2014-11-13,467.39238669098535,636.7952503696878,778.0718866382962,439.663555064206,492.1178435625151,241.3659735509931,241.3659735509931,241.3659735509931,89.54550811785474,89.54550811785474,89.54550811785474,151.82046543313837,151.82046543313837,151.82046543313837,0.0,0.0,0.0,708.7583602419784
2014-11-14,468.33538101310904,602.9582248719261,752.633924861067,440.42796681253674,493.30192649927454,217.03424890831394,217.03424890831394,217.03424890831394,64.13563913296174,64.13563913296174,64.13563913296174,152.8986097753522,152.8986097753522,152.8986097753522,0.0,0.0,0.0,685.369629921423
2014-11-15,469.2783753352326,323.86061439401993,466.6791734822267,441.127613451128,494.4273021557399,-72.28731077642288,-72.28731077642288,-72.28731077642288,-225.78224437612303,-225.78224437612303,-225.78224437612303,153.49493359970015,153.49493359970015,153.49493359970015,0.0,0.0,0.0,396.99106455880974
2014-11-16,470.2213696573563,330.62787318503865,468.2337504127638,441.8272600897194,495.4390857581901,-70.3735471907173,-70.3735471907173,-70.3735471907173,-223.96201496935757,-223.96201496935757,-223.96201496935757,153.58846777864028,153.58846777864028,153.58846777864028,0.0,0.0,0.0,399.847822466639
2014-11-17,471.1643639794799,660.0072121029954,802.053768725622,442.5269067283107,496.44364639152866,261.13025532175794,261.13025532175794,261.13025532175794,107.96022334967417,107.96022334967417,107.96022334967417,153.17003197208382,153.17003197208382,153.17003197208382,0.0,0.0,0.0,732.2946193012378
2014-11-18,472.1073583016036,655.0242026339891,802.8020962556519,443.2265533669021,497.57956267929,257.4377071978769,257.4377071978769,257.4377071978769,105.19584429233154,105.19584429233154,105.19584429233154,152.24186290554536,152.24186290554536,152.24186290554536,0.0,0.0,0.0,729.5450654994804
2014-11-19,473.0503526237272,633.7130766319575,778.2227651360133,443.93605963267095,498.72241190094786,233.72398774455866,233.72398774455866,233.72398774455866,82.90704445185176,82.90704445185176,82.90704445185176,150.8169432927069,150.8169432927069,150.8169432927069,0.0,0.0,0.0,706.7743403682858
2014-11-20,473.9933469458509,642.4289393711146,783.6653644332075,444.7402779417438,499.86526112260566,238.46357109371795,238.46357109371795,238.46357109371795,89.54550811794367,89.54550811794367,89.54550811794367,148.91806297577426,148.91806297577426,148.91806297577426,0.0,0.0,0.0,712.4569180395688
2014-11-21,474.93634126797446,611.4079750738292,756.6888224422917,445.5444962508165,500.97701273102354,210.71228966651458,210.71228966651458,210.71228966651458,64.13563913296227,64.13563913296227,64.13563913296227,146.5766505335523,146.5766505335523,146.5766505335523,0.0,0.0,0.0,685.648630934489
2014-11-22,475.87933559009815,320.74968860824777,465.9894930546651,446.2520151572502,502.12079439290915,-81.95082536239065,-81.95082536239065,-81.95082536239065,-225.78224437555463,-225.78224437555463,-225.78224437555463,143.83141901316395,143.83141901316395,143.83141901316395,0.0,0.0,0.0,393.92851022770753
2014-11-23,476.82232991222173,320.25156562588586,463.0118283981416,446.96944363663863,503.20515802774815,-83.2351415206574,-83.2351415206574,-83.2351415206574,-223.96201496901267,-223.96201496901267,-223.96201496901267,140.7268734483553,140.7268734483553,140.7268734483553,0.0,0.0,0.0,393.5871883915643
2014-11-24,477.7653242343454,646.9781000923585,791.9803530224655,447.82016494654664,504.2937600645987,245.2719536985995,245.2719536985995,245.2719536985995,107.96022334941006,107.96022334941006,107.96022334941006,137.31173034918945,137.31173034918945,137.31173034918945,0.0,0.0,0.0,723.0372779329449
2014-11-25,478.708318556469,644.6036389214872,789.0620622470925,448.6908211510477,505.43109691822684,238.83314463406597,238.83314463406597,238.83314463406597,105.19584429243884,105.19584429243884,105.19584429243884,133.63730034162714,133.63730034162714,133.63730034162714,0.0,0.0,0.0,717.541463190535
2014-11-26,479.6513128785927,617.6868766037215,764.4785505107262,449.5622829846567,506.56801618812557,212.66292905611553,212.66292905611553,212.66292905611553,82.90704445188445,82.90704445188445,82.90704445188445,129.7558846042311,129.7558846042311,129.7558846042311,0.0,0.0,0.0,692.3142419347082
2014-11-27,480.5943072007163,620.3923118107843,767.8538149638772,450.21084103328127,507.70493545802424,215.26474185564618,215.26474185564618,215.26474185564618,89.5455081180326,89.5455081180326,89.5455081180326,125.71923373761355,125.71923373761355,125.71923373761355,0.0,0.0,0.0,695.8590490563624
2014-11-28,481.53730152284004,592.6554231904654,737.6864841948303,451.00889902544003,508.8418547279229,185.7127534334457,185.7127534334457,185.7127534334457,64.13563913296278,64.13563913296278,64.13563913296278,121.5771143004829,121.5771143004829,121.5771143004829,0.0,0.0,0.0,667.2500549562858
2014-11-29,482.48029584496356,297.90042014904657,442.905158532286,451.71316895312344,509.9787739978216,-108.40622079745432,-108.40622079745432,-108.40622079745432,-225.78224437547536,-225.78224437547536,-225.78224437547536,117.37602357802105,117.37602357802105,117.37602357802105,0.0,0.0,0.0,374.07407504750927
2014-11-30,483.4232901670873,300.82507045921466,448.9252942340185,452.4303407146628,511.1156932677203,-110.80392759063363,-110.80392759063363,-110.80392759063363,-223.96201496958946,-223.96201496958946,-223.96201496958946,113.15808737895583,113.15808737895583,113.15808737895583,0.0,0.0,0.0,372.6193625764537
2014-12-01,484.3662844892109,625.7171948779511,774.1701304448436,453.35834242172285,512.233962766021,216.92039232471615,216.92039232471615,216.92039232471615,107.96022334961549,107.96022334961549,107.96022334961549,108.96016897510066,108.96016897510066,108.96016897510066,0.0,0.0,0.0,701.286676813927
2014-12-02,485.3092788113346,617.4698621679108,764.5762086608609,454.3106709252021,513.3741276806064,210.00905420953984,210.00905420953984,210.00905420953984,105.19584429241326,105.19584429241326,105.19584429241326,104.81320991712658,104.81320991712658,104.81320991712658,0.0,0.0,0.0,695.3183330208744
2014-12-03,486.2522731334583,598.3085673024875,739.5160016710138,455.26299942868127,514.5365767923513,183.6488600668383,183.6488600668383,183.6488600668383,82.90704445186371,82.90704445186371,82.90704445186371,100.74181561497461,100.74181561497461,100.74181561497461,0.0,0.0,0.0,669.9011332002966
2014-12-04,487.19526745558187,598.1728847314882,747.6018821036345,456.0224193427808,515.6990259040961,186.30959861921943,186.30959861921943,186.30959861921943,89.54550811796985,89.54550811796985,89.54550811796985,96.7640905012496,96.7640905012496,96.7640905012496,0.0,0.0,0.0,673.5048660748013
2014-12-05,488.13826177770557,568.6533215755046,713.7539434296289,456.7250169772704,516.8614750158409,157.02735867979612,157.02735867979612,157.02735867979612,64.13563913320974,64.13563913320974,64.13563913320974,92.8917195465864,92.8917195465864,92.8917195465864,0.0,0.0,0.0,645.1656204575017
2014-12-06,489.08125609982915,278.69294477957396,426.5263839592061,457.43501957468703,518.0239241275858,-136.65195926880492,-136.65195926880492,-136.65195926880492,-225.7822443755726,-225.7822443755726,-225.7822443755726,89.13028510676769,89.13028510676769,89.13028510676769,0.0,0.0,0.0,352.4292968310242
2014-12-07,490.02425042195284,274.8617355207862,425.4245188368237,458.1450221721038,519.1863732393307,-138.4822141861637,-138.4822141861637,-138.4822141861637,-223.96201496924462,-223.96201496924462,-223.96201496924462,85.47980078308089,85.47980078308089,85.47980078308089,0.0,0.0,0.0,351.54203623578917
2014-12-08,490.9672447440764,602.0687858138895,753.4205680852505,458.85502476952024,520.3433126269915,189.89566072942526,189.89566072942526,189.89566072942526,107.96022334982088,107.96022334982088,107.96022334982088,81.93543737960437,81.93543737960437,81.93543737960437,0.0,0.0,0.0,680.8629054735017
2014-12-09,491.9102390662001,600.2980655724658,745.2143103269046,459.56502736693704,521.4321903878505,183.6842546248473,183.6842546248473,183.6842546248473,105.19584429246515,105.19584429246515,105.19584429246515,78.48841033238219,78.48841033238219,78.48841033238219,0.0,0.0,0.0,675.5944936910474
2014-12-10,492.8532333883237,574.9737568313577,720.8557558958023,460.2300502908352,522.604867013266,158.0340377769066,158.0340377769066,158.0340377769066,82.90704445192,82.90704445192,82.90704445192,75.12699332498661,75.12699332498661,75.12699332498661,0.0,0.0,0.0,650.8872711652302
2014-12-11,493.7962277104474,580.9403495701071,724.1298355420029,460.96515898935496,523.6767027517469,161.38312743572638,161.38312743572638,161.38312743572638,89.54550811806068,89.54550811806068,89.54550811806068,71.8376193176657,71.8376193176657,71.8376193176657,0.0,0.0,0.0,655.1793551461737
2014-12-12,494.739222032571,548.3577604076576,700.3696634184224,461.65244890973565,524.7677179088871,132.74166712470225,132.74166712470225,132.74166712470225,64.1356391329903,64.1356391329903,64.1356391329903,68.60602799171195,68.60602799171195,68.60602799171195,0.0,0.0,0.0,627.4808891572732
2014-12-13,495.6822163546947,262.73307637138646,408.27645751577495,462.3613020742434,525.8587330660274,-160.36382667625517,-160.36382667625517,-160.36382667625517,-225.78224437566985,-225.78224437566985,-225.78224437566985,65.41841769941469,65.41841769941469,65.41841769941469,0.0,0.0,0.0,335.31838967843953
2014-12-14,496.62521067681826,258.87702177745916,406.3365111842445,463.16573628083603,526.9497482231675,-161.69945454922578,-161.69945454922578,-161.69945454922578,-223.96201496912056,-223.96201496912056,-223.96201496912056,62.26256041989476,62.26256041989476,62.26256041989476,0.0,0.0,0.0,334.9257561275925
2014-12-15,497.56820499894195,586.804723708668,741.373217652885,464.00287645562946,528.039734891078,167.0890632778031,167.0890632778031,167.0890632778031,107.96022334987298,107.96022334987298,107.96022334987298,59.128839927930116,59.128839927930116,59.128839927930116,0.0,0.0,0.0,664.6572682767451
2014-12-16,498.51119932106553,583.6262452098762,731.5315427273266,464.76041519882295,529.1285940405216,161.20702060708254,161.20702060708254,161.20702060708254,105.1958442926279,105.1958442926279,105.1958442926279,56.01117631445464,56.01117631445464,56.01117631445464,0.0,0.0,0.0,659.7182199281481
2014-12-17,499.4541936431892,563.4323981779019,703.8505531437427,465.44077879356433,530.2013600910972,135.81484850659794,135.81484850659794,135.81484850659794,82.90704445189927,82.90704445189927,82.90704445189927,52.90780405469867,52.90780405469867,52.90780405469867,0.0,0.0,0.0,635.2690421497872
2014-12-18,500.3971879653128,562.142997453842,715.7622723603175,466.1400242200156,531.2703855260035,139.3673839830084,139.3673839830084,139.3673839830084,89.5455081179979,89.5455081179979,89.5455081179979,49.821875865010526,49.821875865010526,49.821875865010526,0.0,0.0,0.0,639.7645719483212
2014-12-19,501.3401822874365,533.3376812077971,685.2685640823987,466.8702233049316,532.3470453192557,110.89750959168472,110.89750959168472,110.89750959168472,64.13563913301732,64.13563913301732,64.13563913301732,46.761870458667396,46.761870458667396,46.761870458667396,0.0,0.0,0.0,612.2376918791213
2014-12-20,502.2831766095601,243.34150898429834,389.3773391628166,467.510072831266,533.4854539567938,-182.04045555659857,-182.04045555659857,-182.04045555659857,-225.78224437576705,-225.78224437576705,-225.78224437576705,43.7417888191685,43.7417888191685,43.7417888191685,0.0,0.0,0.0,320.24272105296154
2014-12-21,503.2261709316838,247.82840598301001,399.172248725799,468.1876401466392,534.4901764568692,-183.18088441800532,-183.18088441800532,-183.18088441800532,-223.96201496925573,-223.96201496925573,-223.96201496925573,40.78113055125044,40.78113055125044,40.78113055125044,0.0,0.0,0.0,320.04528651367843
2014-12-22,504.16916525380736,575.6149300920564,724.6425615817385,468.90308208851116,535.5604628799583,145.86487238023795,145.86487238023795,145.86487238023795,107.96022334976216,107.96022334976216,107.96022334976216,37.904649030475795,37.904649030475795,37.904649030475795,0.0,0.0,0.0,650.0340376340453
2014-12-23,505.11215957593106,573.6584212708985,715.2304913728299,469.6809338256022,536.7452834485941,140.33773552612948,140.33773552612948,140.33773552612948,105.19584429249144,105.19584429249144,105.19584429249144,35.141891233638056,35.141891233638056,35.141891233638056,0.0,0.0,0.0,645.4498951020605
2014-12-24,506.05515389805475,549.1232153272434,695.4369337627545,470.5016801685735,537.8699714750574,115.43357952648078,115.43357952648078,115.43357952648078,82.90704445187856,82.90704445187856,82.90704445187856,32.52653507460222,32.52653507460222,32.52653507460222,0.0,0.0,0.0,621.4887334245356
2014-12-25,506.99814822017834,547.6899181109335,703.3424212309965,471.3224265115446,538.9509149517098,119.6410517050171,119.6410517050171,119.6410517050171,89.54550811808683,89.54550811808683,89.54550811808683,30.095543586930273,30.095543586930273,30.095543586930273,0.0,0.0,0.0,626.6391999251955
2014-12-26,507.94114254230203,523.1773037106682,676.6280563851061,472.14317285451585,540.0463339720277,92.02380032281452,92.02380032281452,92.02380032281452,64.13563913348418,64.13563913348418,64.13563913348418,27.888161189330344,27.888161189330344,27.888161189330344,0.0,0.0,0.0,599.9649428651165
2014-12-27,508.8841368644256,234.737243984267,386.0611034071996,472.971994517482,541.1400214571453,-199.83746200614812,-199.83746200614812,-199.83746200614812,-225.7822443756878,-225.7822443756878,-225.7822443756878,25.944782369539723,25.944782369539723,25.944782369539723,0.0,0.0,0.0,309.04667485827747
2014-12-28,509.8271311865493,233.2226957835164,386.22900840812883,473.8045340540624,542.315846987669,-199.65628769214044,-199.65628769214044,-199.65628769214044,-223.96201496913167,-223.96201496913167,-223.96201496913167,24.305727276991252,24.305727276991252,24.305727276991252,0.0,0.0,0.0,310.17084349440887
2014-12-29,510.7701255086729,563.070107237337,712.2934869785906,474.630111170515,543.4158895901143,130.97018515426078,130.97018515426078,130.97018515426078,107.96022334981426,107.96022334981426,107.96022334981426,23.009961804446526,23.009961804446526,23.009961804446526,0.0,0.0,0.0,641.7403106629337
2014-12-30,511.7131198307966,562.3544096331567,712.3057421186388,475.3394996262633,544.5819953932875,127.28964596984821,127.28964596984821,127.28964596984821,105.19584429246588,105.19584429246588,105.19584429246588,22.09380167738233,22.09380167738233,22.09380167738233,0.0,0.0,0.0,639.0027658006447
2014-12-31,512.6561141529202,540.0107966066319,687.4506285611473,476.05082604046464,545.7200244249711,104.49668525596655,104.49668525596655,104.49668525596655,82.90704445185783,82.90704445185783,82.90704445185783,21.589640804108736,21.589640804108736,21.589640804108736,0.0,0.0,0.0,617.1527994088867
2015-01-01,513.5991084750439,545.6663009524773,698.0187069407349,476.77605077847693,546.9857697652204,111.07025177203082,111.07025177203082,111.07025177203082,89.54550811787426,89.54550811787426,89.54550811787426,21.52474365415654,21.52474365415654,21.52474365415654,0.0,0.0,0.0,624.6693602470747
2015-01-02,514.5421027971674,521.9040119397806,673.3909942903301,477.4986872440426,548.1988306242223,86.05577888037223,86.05577888037223,86.05577888037223,64.13563913326477,64.13563913326477,64.13563913326477,21.92013974710746,21.92013974710746,21.92013974710746,0.0,0.0,0.0,600.5978816775397
2015-01-03,515.4850971192911,234.0617261942616,392.08519930917674,478.28281203792375,549.3924007144747,-202.99258887005914,-202.99258887005914,-202.99258887005914,-225.78224437554047,-225.78224437554047,-225.78224437554047,22.789655505481317,22.789655505481317,22.789655505481317,0.0,0.0,0.0,312.492508249232
2015-01-04,516.4280914414147,234.76634978583658,391.6203138074661,479.0120403933532,550.5826728856333,-199.82290012690453,-199.82290012690453,-199.82290012690453,-223.9620149690076,-223.9620149690076,-223.9620149690076,24.139114842103076,24.139114842103076,24.139114842103076,0.0,0.0,0.0,316.6051913145102
2015-01-05,517.3710857635384,575.6152016138099,730.2427053740122,479.89776456448834,551.4954281056299,133.92595838508802,133.92595838508802,133.92595838508802,107.96022334970344,107.96022334970344,107.96022334970344,25.96573503538458,25.96573503538458,25.96573503538458,0.0,0.0,0.0,651.2970441486265
2015-01-06,518.314080085662,570.5542180343826,724.8352934338393,480.58310344771195,552.5453702776075,133.45358313435662,133.45358313435662,133.45358313435662,105.19584429262862,105.19584429262862,105.19584429262862,28.25773884172803,28.25773884172803,28.25773884172803,0.0,0.0,0.0,651.7676632200187
2015-01-07,519.2570744077857,550.7480259642795,705.3754145908509,481.19363791002843,553.6769237700436,113.90124202434487,113.90124202434487,113.90124202434487,82.9070444519141,82.9070444519141,82.9070444519141,30.994197572430775,30.994197572430775,30.994197572430775,0.0,0.0,0.0,633.1583164321305
2015-01-08,520.2000687299093,563.9722536788398,716.4973202436972,482.05030081383956,554.8080807929053,123.69062132718162,123.69062132718162,123.69062132718162,89.54550811796318,89.54550811796318,89.54550811796318,34.145113209218415,34.145113209218415,34.145113209218415,0.0,0.0,0.0,643.8906900570909
2015-01-09,521.143063052033,544.6441173141033,700.25750462292,482.6985569243246,555.9392378157672,101.80737987928596,101.80737987928596,101.80737987928596,64.13563913326529,64.13563913326529,64.13563913326529,37.671740746020674,37.671740746020674,37.671740746020674,0.0,0.0,0.0,622.9504429313189
2015-01-10,522.0860573741566,262.6496703685824,410.2816497630224,483.469106369696,557.1561687288195,-184.25509934726068,-184.25509934726068,-184.25509934726068,-225.78224437588227,-225.78224437588227,-225.78224437588227,41.5271450286216,41.5271450286216,41.5271450286216,0.0,0.0,0.0,337.83095802689587
2015-01-11,523.0290516962802,265.34655153576654,420.99504581070613,484.1041938848243,558.4287556220117,-178.30503534803722,-178.30503534803722,-178.30503534803722,-223.9620149688836,-223.9620149688836,-223.9620149688836,45.65697962084638,45.65697962084638,45.65697962084638,0.0,0.0,0.0,344.724016348243
2015-01-12,523.972046018404,604.3181677580131,751.2652796602994,484.68990753866836,559.68915891547,157.96069220314448,157.96069220314448,157.96069220314448,107.96022334928594,107.96022334928594,107.96022334928594,50.00046885385853,50.00046885385853,50.00046885385853,0.0,0.0,0.0,681.9327382215484
2015-01-13,524.9150403405275,610.350552611162,755.9300615634291,485.31591802607414,560.7921505484326,159.68741268989123,159.68741268989123,159.68741268989123,105.19584429254766,105.19584429254766,105.19584429254766,54.49156839734358,54.49156839734358,54.49156839734358,0.0,0.0,0.0,684.6024530304187
2015-01-14,525.8580346626512,593.6072587401327,749.3117324853364,485.94187460468146,561.8145475667644,141.9673190472424,141.9673190472424,141.9673190472424,82.90704445183997,82.90704445183997,82.90704445183997,59.06027459540245,59.06027459540245,59.06027459540245,0.0,0.0,0.0,667.8253537098936
2015-01-15,526.8010289847748,603.8608958453857,753.4075164708333,486.71435490642557,562.836944585096,153.17955669950987,153.17955669950987,153.17955669950987,89.54550811805213,89.54550811805213,89.54550811805213,63.634048581457776,63.634048581457776,63.634048581457776,0.0,0.0,0.0,679.9805856842847
2015-01-16,527.7440233068985,580.6052370540277,738.0561955478134,487.41705494996665,564.1107821253489,132.27495707483257,132.27495707483257,132.27495707483257,64.13563913282589,64.13563913282589,64.13563913282589,68.1393179420067,68.1393179420067,68.1393179420067,0.0,0.0,0.0,660.0189803817311
2015-01-17,528.6870176290221,300.6042537130237,450.49126392445186,488.20417991038374,565.322156928503,-153.27922784627478,-153.27922784627478,-153.27922784627478,-225.78224437580306,-225.78224437580306,-225.78224437580306,72.5030165295283,72.5030165295283,72.5030165295283,0.0,0.0,0.0,375.4077897827473
2015-01-18,529.6300119511458,300.5929171410419,451.7305725310532,489.0497764056968,566.4651814147851,-147.30789298367537,-147.30789298367537,-147.30789298367537,-223.96201496901872,-223.96201496901872,-223.96201496901872,76.65412198534335,76.65412198534335,76.65412198534335,0.0,0.0,0.0,382.3221189674704
2015-01-19,530.5730062732694,641.4334389623438,789.8250405634531,489.71558388944015,567.6034189714702,188.4853739980822,188.4853739980822,188.4853739980822,107.96022334949139,107.96022334949139,107.96022334949139,80.52515064859081,80.52515064859081,80.52515064859081,0.0,0.0,0.0,719.0583802713516
2015-01-20,531.516000595393,638.0602455814468,798.6583509222528,490.5508991172538,568.7226792261309,189.24941507830428,189.24941507830428,189.24941507830428,105.19584429252205,105.19584429252205,105.19584429252205,84.05357078578226,84.05357078578226,84.05357078578226,0.0,0.0,0.0,720.7654156736974
2015-01-21,532.4589949175166,623.7769894260418,779.4077619243503,491.29814940383795,569.8287460363898,170.0901418860472,170.0901418860472,170.0901418860472,82.90704445187265,82.90704445187265,82.90704445187265,87.18309743417456,87.18309743417456,87.18309743417456,0.0,0.0,0.0,702.5491368035639
2015-01-22,533.4019892396403,630.5919313807372,786.3544730916772,491.952245907707,570.8795862148886,179.41034365395404,179.41034365395404,179.41034365395404,89.54550811799317,89.54550811799317,89.54550811799317,89.86483553596088,89.86483553596088,89.86483553596088,0.0,0.0,0.0,712.8123328935944
2015-01-23,534.3449835617639,613.702249702353,766.2495434149956,492.62307331996755,572.0020971218743,156.19388147599236,156.19388147599236,156.19388147599236,64.13563913329278,64.13563913329278,64.13563913329278,92.05824234269959,92.05824234269959,92.05824234269959,0.0,0.0,0.0,690.5388650377563
2015-01-24,535.2879778838876,318.75416968262056,480.1622845102193,493.4382976677855,573.1880353182593,-132.0503592129223,-132.0503592129223,-132.0503592129223,-225.7822443759003,-225.7822443759003,-225.7822443759003,93.73188516297797,93.73188516297797,93.73188516297797,0.0,0.0,0.0,403.2376186709653
2015-01-25,536.2309722060112,325.17376995284303,478.3797949261554,494.3013499493542,574.2036906037539,-129.09803871342874,-129.09803871342874,-129.09803871342874,-223.9620149691155,-223.9620149691155,-223.9620149691155,94.86397625568678,94.86397625568678,94.86397625568678,0.0,0.0,0.0,407.1329334925824
2015-01-26,537.1739665281349,662.9724376365339,811.2119650771392,494.96716381690953,575.2391770509738,203.40289621829274,203.40289621829274,203.40289621829274,107.96022334969683,107.96022334969683,107.96022334969683,95.44267286859593,95.44267286859593,95.44267286859593,0.0,0.0,0.0,740.5768627464277
2015-01-27,538.1169608502585,655.3666196661021,819.6289740880937,495.64314294955415,576.5709385778594,200.66198119735125,200.66198119735125,200.66198119735125,105.19584429238559,105.19584429238559,105.19584429238559,95.46613690496567,95.46613690496567,95.46613690496567,0.0,0.0,0.0,738.7789420476097
2015-01-28,539.0599551723822,637.6711597439219,793.1435894459288,496.2976207009208,577.7200208987894,177.8493997334221,177.8493997334221,177.8493997334221,82.90704445192893,82.90704445192893,82.90704445192893,94.94235528149318,94.94235528149318,94.94235528149318,0.0,0.0,0.0,716.9093549058043
2015-01-29,540.0029494945057,641.8217862332359,799.0271245104847,496.91988980282986,578.9689328694199,183.43423664727328,183.43423664727328,183.43423664727328,89.5455081179304,89.5455081179304,89.5455081179304,93.88872852934288,93.88872852934288,93.88872852934288,0.0,0.0,0.0,723.437186141779
2015-01-30,540.9459438166296,616.2563584484914,775.9175572251867,497.6735055753492,580.2936097521274,156.46708053455933,156.46708053455933,156.46708053455933,64.13563913307335,64.13563913307335,64.13563913307335,92.33144140148598,92.33144140148598,92.33144140148598,0.0,0.0,0.0,697.4130243511888
2015-01-31,541.888938138753,323.92433895836473,485.09954976802317,498.44805861925175,581.5703386860937,-135.4776093668802,-135.4776093668802,-135.4776093668802,-225.78224437624212,-225.78224437624212,-225.78224437624212,90.30463500936192,90.30463500936192,90.30463500936192,0.0,0.0,0.0,406.41132877187283
2015-02-01,542.8319324608768,323.4907363474358,481.2474980270936,499.0354388607536,582.724123498633,-136.11260981044154,-136.11260981044154,-136.11260981044154,-223.96201496925062,-223.96201496925062,-223.96201496925062,87.84940515880909,87.84940515880909,87.84940515880909,0.0,0.0,0.0,406.7193226504353
2015-02-02,543.7749267830005,653.8520737223378,818.7971179794907,499.75186505795244,583.8749048780858,192.97287929971975,192.97287929971975,192.97287929971975,107.9602233494327,107.9602233494327,107.9602233494327,85.01265595028703,85.01265595028703,85.01265595028703,0.0,0.0,0.0,736.7478060827202
2015-02-03,544.7179211051241,647.5567998612971,808.080039895631,500.56638269004776,585.0075504261256,187.04168552420953,187.04168552420953,187.04168552420953,105.19584429254839,105.19584429254839,105.19584429254839,81.84584123166117,81.84584123166117,81.84584123166117,0.0,0.0,0.0,731.7596066293336
2015-02-04,545.6609154272478,626.0888513988316,784.7790467204228,501.39134101803427,586.1282983876011,161.310673507025,161.310673507025,161.310673507025,82.90704445190819,82.90704445190819,82.90704445190819,78.40362905511678,78.40362905511678,78.40362905511678,0.0,0.0,0.0,706.9715889342729
2015-02-05,546.6039097493714,633.3587618622915,787.5542613476067,502.22200926961335,587.2853330507575,164.2880339474976,164.2880339474976,164.2880339474976,89.54550811801933,89.54550811801933,89.54550811801933,74.74252582947828,74.74252582947828,74.74252582947828,0.0,0.0,0.0,710.891943696869
2015-02-06,547.5469040714951,606.3438140269875,760.654238728526,503.0409469537082,588.453495665713,135.05513647685484,135.05513647685484,135.05513647685484,64.13563913285392,64.13563913285392,64.13563913285392,70.9194973440009,70.9194973440009,70.9194973440009,0.0,0.0,0.0,682.6020405483499
2015-02-07,548.4898983936187,310.71148355140303,467.5148379672508,503.8021527974256,589.5233552596496,-158.7916211054116,-158.7916211054116,-158.7916211054116,-225.78224437609472,-225.78224437609472,-225.78224437609472,66.99062327068312,66.99062327068312,66.99062327068312,0.0,0.0,0.0,389.69827728820707
2015-02-08,549.4328927157424,311.3458405955258,465.72251415739686,504.4653024621955,590.6687054856006,-160.95219481277832,-160.95219481277832,-160.95219481277832,-223.96201496982744,-223.96201496982744,-223.96201496982744,63.00982015704911,63.00982015704911,63.00982015704911,0.0,0.0,0.0,388.48069790296404
2015-02-09,550.3758870378659,635.4657255495035,799.2915872052282,505.1303352452854,591.8105693399092,166.98788871270017,166.98788871270017,166.98788871270017,107.9602233494848,107.9602233494848,107.9602233494848,59.027665363215384,59.027665363215384,59.027665363215384,0.0,0.0,0.0,717.3637757505661
2015-02-10,551.3188813599896,636.1706126948352,791.8469054713344,505.8067914167684,592.9393747241194,160.28619525263386,160.28619525263386,160.28619525263386,105.19584429246737,105.19584429246737,105.19584429246737,55.09035096016647,55.09035096016647,55.09035096016647,0.0,0.0,0.0,711.6050766126235
2015-02-11,552.2618756821132,604.7477637957431,769.1576109328633,506.4832475882514,594.099494757044,134.1458368559318,134.1458368559318,134.1458368559318,82.9070444519409,82.9070444519409,82.9070444519409,51.23879240399089,51.23879240399089,51.23879240399089,0.0,0.0,0.0,686.407712538045
2015-02-12,553.2048700042369,609.8038368517277,770.8919862943263,507.1597037597344,595.3452691486142,137.05342008353173,137.05342008353173,137.05342008353173,89.54550811795656,89.54550811795656,89.54550811795656,47.50791196557519,47.50791196557519,47.50791196557519,0.0,0.0,0.0,690.2582900877686
2015-02-13,554.1478643263605,571.9569396717665,746.496873372412,507.9038039508995,596.591043540184,108.06175070922868,108.06175070922868,108.06175070922868,64.13563913310087,64.13563913310087,64.13563913310087,43.926111576127816,43.926111576127816,43.926111576127816,0.0,0.0,0.0,662.2096150355892
2015-02-14,555.0908586484842,282.08452113165436,448.2286708759501,508.5419587105166,597.7444390478574,-185.267300268299,-185.267300268299,-185.267300268299,-225.7822443760155,-225.7822443760155,-225.7822443760155,40.51494410771648,40.51494410771648,40.51494410771648,0.0,0.0,0.0,369.8235583801852
2015-02-15,556.0338529706078,282.34147281981836,450.31268076581165,509.1801134701336,598.854415977758,-186.673028656401,-186.673028656401,-186.673028656401,-223.96201496948254,-223.96201496948254,-223.96201496948254,37.288986313081544,37.288986313081544,37.288986313081544,0.0,0.0,0.0,369.36082431420675
2015-02-16,556.9768472927315,625.2131894372231,774.0148124220391,509.81826822975074,600.1715669213003,142.2161342216146,142.2161342216146,142.2161342216146,107.9602233496902,107.9602233496902,107.9602233496902,34.255910871924385,34.255910871924385,34.255910871924385,0.0,0.0,0.0,699.192981514346
2015-02-17,557.919841614855,605.7287601591946,776.5243407496769,510.45848369983713,601.5063502463448,136.61259369141797,136.61259369141797,136.61259369141797,105.19584429238633,105.19584429238633,105.19584429238633,31.416749399031655,31.416749399031655,31.416749399031655,0.0,0.0,0.0,694.532435306273
2015-02-18,558.8628359369786,588.0994874100323,746.3361866692222,511.10803564532443,602.8155693769887,111.67337747471647,111.67337747471647,111.67337747471647,82.90704445186053,82.90704445186053,82.90704445186053,28.76633302285597,28.76633302285597,28.76633302285597,0.0,0.0,0.0,670.5362134116951
2015-02-19,559.8058302591023,589.5522453692736,756.8519170064942,511.80827677830337,603.8507527510594,115.83940050803933,115.83940050803933,115.83940050803933,89.5455081180474,89.5455081180474,89.5455081180474,26.293892389991946,26.293892389991946,26.293892389991946,0.0,0.0,0.0,675.6452307671417
2015-02-20,560.748824581226,574.7901815642474,731.362380564378,512.5488392472101,604.8859361251302,88.1194339539679,88.1194339539679,88.1194339539679,64.13563913310138,64.13563913310138,64.13563913310138,23.983794820866514,23.983794820866514,23.983794820866514,0.0,0.0,0.0,648.868258535194
2015-02-21,561.6918189033495,273.1140324190741,439.8357294381146,513.349954835295,606.1264766650926,-203.96585143037476,-203.96585143037476,-203.96585143037476,-225.78224437611271,-225.78224437611271,-225.78224437611271,21.816392945737974,21.816392945737974,21.816392945737974,0.0,0.0,0.0,357.72596747297473
2015-02-22,562.6348132254732,272.15257704897795,434.9044964472748,514.0936537066467,607.466720059534,-204.1930583940367,-204.1930583940367,-204.1930583940367,-223.9620149691377,-223.9620149691377,-223.9620149691377,19.76895657510099,19.76895657510099,19.76895657510099,0.0,0.0,0.0,358.44175483143647
2015-02-23,563.5778075475969,601.5229399961604,765.8214962837632,514.7725832402906,608.6393040396057,125.7768812142449,125.7768812142449,125.7768812142449,107.96022334974234,107.96022334974234,107.96022334974234,17.816657864502556,17.816657864502556,17.816657864502556,0.0,0.0,0.0,689.3546887618418
2015-02-24,564.5208018697206,601.8235804686832,762.9048727591091,515.6016347196296,609.793927389215,121.12942334860949,121.12942334860949,121.12942334860949,105.19584429249366,105.19584429249366,105.19584429249366,15.933579056115809,15.933579056115809,15.933579056115809,0.0,0.0,0.0,685.6502252183301
2015-02-25,565.4637961918443,578.4713568932706,738.6440359388988,516.4962720650085,610.9485507388243,97.000756674621,97.000756674621,97.000756674621,82.9070444518932,82.9070444518932,82.9070444518932,14.093712222727795,14.093712222727795,14.093712222727795,0.0,0.0,0.0,662.4645528664653
2015-02-26,566.4067905139677,578.8006083315488,746.7783008961982,517.2106275838065,612.1031740884335,101.81742960161424,101.81742960161424,101.81742960161424,89.54550811798461,89.54550811798461,89.54550811798461,12.271921483629615,12.271921483629615,12.271921483629615,0.0,0.0,0.0,668.2242201155819
2015-02-27,567.3497848360914,559.0339397379349,719.4978470053296,517.9236897776295,613.2352960830954,74.5804791900402,74.5804791900402,74.5804791900402,64.13563913288195,64.13563913288195,64.13563913288195,10.444840057158258,10.444840057158258,10.444840057158258,0.0,0.0,0.0,641.9302640261317
2015-02-28,568.2927791582151,268.1188497052888,432.5762849200727,518.7227028219796,614.3520220344195,-217.19056718734632,-217.19056718734632,-217.19056718734632,-225.78224437620995,-225.78224437620995,-225.78224437620995,8.591677188863624,8.591677188863624,8.591677188863624,0.0,0.0,0.0,351.1022119708688
2015-03-01,569.2357734803388,270.3849117933704,436.1860407037446,519.5234035577117,615.5435899555108,-217.26710161760604,-217.26710161760604,-217.26710161760604,-223.9620149697145,-223.9620149697145,-223.9620149697145,6.694913352108442,6.694913352108442,6.694913352108442,0.0,0.0,0.0,351.9686718627328
2015-03-02,570.1787678024623,599.8121582763929,765.3029313780072,520.4015611655736,616.6909861503021,112.70108939493423,112.70108939493423,112.70108939493423,107.96022334963152,107.96022334963152,107.96022334963152,4.740866045302725,4.740866045302725,4.740866045302725,0.0,0.0,0.0,682.8798571973965
2015-03-03,571.121762124586,594.0466187087156,763.4487805216306,521.3395875105582,617.7989477150927,107.91595716910784,107.91595716910784,107.91595716910784,105.1958442924681,105.1958442924681,105.1958442924681,2.7201128766397438,2.7201128766397438,2.7201128766397438,0.0,0.0,0.0,679.0377192936938
2015-03-04,572.0647564467097,572.7315871788335,736.8795045753774,522.2388534499818,618.9069092798832,83.53480774599943,83.53480774599943,83.53480774599943,82.90704445187247,82.90704445187247,82.90704445187247,0.6277632941269721,0.6277632941269721,0.6277632941269721,0.0,0.0,0.0,655.5995641927091
2015-03-05,573.0077507688334,573.5816883285152,745.7425862694756,522.8830632677275,620.0063720179871,88.00908325461624,88.00908325461624,88.00908325461624,89.54550811792184,89.54550811792184,89.54550811792184,-1.536424863305598,-1.536424863305598,-1.536424863305598,0.0,0.0,0.0,661.0168340234496
2015-03-06,573.9507450909568,549.4349888878999,715.6187493959196,523.5272730854728,621.1132337373608,60.367556136335125,60.367556136335125,60.367556136335125,64.13563913288245,64.13563913288245,64.13563913288245,-3.7680829965473284,-3.7680829965473284,-3.7680829965473284,0.0,0.0,0.0,634.318301227292
2015-03-07,574.8937394130805,258.75389924481,425.7503733594471,524.3157941324299,622.2564600517846,-231.84066226112597,-231.84066226112597,-231.84066226112597,-225.782244375465,-225.782244375465,-225.782244375465,-6.058417885660919,-6.058417885660919,-6.058417885660919,0.0,0.0,0.0,343.05307715195454
2015-03-08,575.8367337352042,250.58501203723551,425.1716479187345,525.11480717678,623.3106118381193,-232.35655124093046,-232.35655124093046,-232.35655124093046,-223.96201496936956,-223.96201496936956,-223.96201496936956,-8.39453627156089,-8.39453627156089,-8.39453627156089,0.0,0.0,0.0,343.4801824942738
2015-03-09,576.779728057328,591.596388351267,754.053221996205,525.9174145578203,624.3921839145079,97.20032951449022,97.20032951449022,97.20032951449022,107.96022334968357,107.96022334968357,107.96022334968357,-10.759893835193347,-10.759893835193347,-10.759893835193347,0.0,0.0,0.0,673.9800575718183
2015-03-10,577.7227223794514,582.0922714883457,750.124648184313,526.772506458698,625.5513374731936,92.06099321602194,92.06099321602194,92.06099321602194,105.19584429238706,105.19584429238706,105.19584429238706,-13.134851076365134,-13.134851076365134,-13.134851076365134,0.0,0.0,0.0,669.7837155954734
2015-03-11,578.6657167015751,557.8422495185074,729.0584587870625,527.636138983745,626.8321696166978,67.40972868680409,67.40972868680409,67.40972868680409,82.90704445190518,82.90704445190518,82.90704445190518,-15.497315765101083,-15.497315765101083,-15.497315765101083,0.0,0.0,0.0,646.0754453883792
2015-03-12,579.6087110236989,566.9512588947358,739.1798881279545,528.3133445620068,628.0308463454435,71.72205861246955,71.72205861246955,71.72205861246955,89.54550811801268,89.54550811801268,89.54550811801268,-17.82344950554315,-17.82344950554315,-17.82344950554315,0.0,0.0,0.0,651.3307696361685
2015-03-13,580.5517053458226,540.1982738524761,702.7580603778579,529.1098723985303,629.2768385654847,44.04722456397622,44.04722456397622,44.04722456397622,64.13563913290945,64.13563913290945,64.13563913290945,-20.08841456893323,-20.08841456893323,-20.08841456893323,0.0,0.0,0.0,624.5989299097988
2015-03-14,581.494699667946,246.10535637446824,415.98663291399043,529.9088854428801,630.4018932111786,-248.04938092120483,-248.04938092120483,-248.04938092120483,-225.78224437556227,-225.78224437556227,-225.78224437556227,-22.267136545642547,-22.267136545642547,-22.267136545642547,0.0,0.0,0.0,333.4453187467411
2015-03-15,582.4376939900696,249.02732206742996,418.72515520287016,530.7078984872302,631.3585464825658,-248.29707350783255,-248.29707350783255,-248.29707350783255,-223.96201496924553,-223.96201496924553,-223.96201496924553,-24.335058538587,-24.335058538587,-24.335058538587,0.0,0.0,0.0,334.14062048223707
2015-03-16,583.3806883121935,575.1192506571361,746.9684613809369,531.5069115315804,632.5180658202462,81.69135979855321,81.69135979855321,81.69135979855321,107.96022334973573,107.96022334973573,107.96022334973573,-26.268863551182534,-26.268863551182534,-26.268863551182534,0.0,0.0,0.0,665.0720481107467
2015-03-17,584.3236826343172,568.5004790172179,747.5641403334184,532.3059245759305,633.7079196325336,77.1487009258969,77.1487009258969,77.1487009258969,105.19584429268274,105.19584429268274,105.19584429268274,-28.047143366785818,-28.047143366785818,-28.047143366785818,0.0,0.0,0.0,661.4723835602141
2015-03-18,585.2666769564408,548.9723828953837,715.9934056647205,533.1049376202806,634.897773444821,53.25604994514298,53.25604994514298,53.25604994514298,82.90704445190802,82.90704445190802,82.90704445190802,-29.65099450676504,-29.65099450676504,-29.65099450676504,0.0,0.0,0.0,638.5227269015838
2015-03-19,586.2096712785643,558.195251132612,730.2871105409739,533.9039506646304,636.0850129808417,58.4809834128155,58.4809834128155,58.4809834128155,89.54550811794992,89.54550811794992,89.54550811794992,-31.064524705134428,-31.064524705134428,-31.064524705134428,0.0,0.0,0.0,644.6906546913798
2015-03-20,587.152665600688,534.7682914687582,699.776907795514,534.6205038373288,637.1274598096094,31.8603824857057,31.8603824857057,31.8603824857057,64.13563913290997,64.13563913290997,64.13563913290997,-32.27525664720427,-32.27525664720427,-32.27525664720427,0.0,0.0,0.0,619.0130480863937
2015-03-21,588.0956599228117,241.44553673952603,411.91311057189057,535.2699492650818,638.4116864639556,-259.0566637481384,-259.0566637481384,-259.0566637481384,-225.7822443756595,-225.7822443756595,-225.7822443756595,-33.27441937247888,-33.27441937247888,-33.27441937247888,0.0,0.0,0.0,329.0389961746733
2015-03-22,589.0386542449354,247.2536807629469,414.025738802914,536.0343094888439,639.4107105168805,-258.0191365835558,-258.0191365835558,-258.0191365835558,-223.9620149689007,-223.9620149689007,-223.9620149689007,-34.05712161465506,-34.05712161465506,-34.05712161465506,0.0,0.0,0.0,331.0195176613796
2015-03-23,589.9816485670589,575.6581471573465,745.5026552710585,536.7986697126056,640.3216842177573,73.33781803500241,73.33781803500241,73.33781803500241,107.96022334962487,107.96022334962487,107.96022334962487,-34.622405314622455,-34.622405314622455,-34.622405314622455,0.0,0.0,0.0,663.3194666020613
2015-03-24,590.9246428891826,572.2329280720237,745.2754234352715,537.5630299363677,641.232657918634,70.2226628255939,70.2226628255939,70.2226628255939,105.19584429254628,105.19584429254628,105.19584429254628,-34.97318146695238,-34.97318146695238,-34.97318146695238,0.0,0.0,0.0,661.1473057147765
2015-03-25,591.8676372113063,550.8404567771973,722.4103251938981,538.185645701268,642.1436316195109,47.79099023329496,47.79099023329496,47.79099023329496,82.90704445188732,82.90704445188732,82.90704445188732,-35.116054218592346,-35.116054218592346,-35.116054218592346,0.0,0.0,0.0,639.6586274446013
2015-03-26,592.81063153343,557.5985177265809,733.258722279594,538.7570763003372,643.1482761492608,54.48446550419685,54.48446550419685,54.48446550419685,89.54550811803885,89.54550811803885,89.54550811803885,-35.061042613842005,-35.061042613842005,-35.061042613842005,0.0,0.0,0.0,647.2950970376268
2015-03-27,593.7536258555534,541.4344281062159,709.3644869147132,539.338770258574,644.3254365466538,29.31442667160235,29.31442667160235,29.31442667160235,64.13563913291047,64.13563913291047,64.13563913291047,-34.82121246130813,-34.82121246130813,-34.82121246130813,0.0,0.0,0.0,623.0680525271558
2015-03-28,594.6966201776771,246.85902331781824,416.67451981834193,539.9098693448454,645.5025969440468,-260.1944777712708,-260.1944777712708,-260.1944777712708,-225.78224437558026,-225.78224437558026,-225.78224437558026,-34.412233395690514,-34.412233395690514,-34.412233395690514,0.0,0.0,0.0,334.50214240640634
2015-03-29,595.6396144998008,248.7005757348987,414.66194214934404,540.7659803457291,646.6797573414399,-257.8138932112404,-257.8138932112404,-257.8138932112404,-223.96201496925664,-223.96201496925664,-223.96201496925664,-33.851878241983734,-33.851878241983734,-33.851878241983734,0.0,0.0,0.0,337.82572128856043
2015-03-30,596.5826088219245,583.6674558349492,755.3237260113789,541.4062435677992,647.856917738833,74.80074014428367,74.80074014428367,74.80074014428367,107.96022334967697,107.96022334967697,107.96022334967697,-33.15948320539331,-33.15948320539331,-33.15948320539331,0.0,0.0,0.0,671.3833489662081
2015-03-31,597.525603144048,587.1816687907091,752.7497833377877,542.014225686307,649.0013066868237,72.8404561199409,72.8404561199409,72.8404561199409,105.19584429252068,105.19584429252068,105.19584429252068,-32.35538817257979,-32.35538817257979,-32.35538817257979,0.0,0.0,0.0,670.3660592639889
